date,Susceptible,Infected,Recovered,Fatal,people_fully_vaccinated,school_closing,workplace_closing,cancel_events,transport_closing,stay_home_restrictions
2020-01-05,144478050,0,0,0,,0.0,0.0,0.0,0.0,0.0
2020-01-06,144478050,0,0,0,,0.0,0.0,0.0,0.0,0.0
2020-01-07,144478050,0,0,0,,0.0,0.0,0.0,0.0,0.0
2020-01-08,144478050,0,0,0,,0.0,0.0,0.0,0.0,0.0
2020-01-09,144478050,0,0,0,,0.0,0.0,0.0,0.0,0.0
2020-01-10,144478050,0,0,0,,0.0,0.0,0.0,0.0,0.0
2020-01-11,144478050,0,0,0,,0.0,0.0,0.0,0.0,0.0
2020-01-12,144478050,0,0,0,,0.0,0.0,0.0,0.0,0.0
2020-01-13,144478050,0,0,0,,0.0,0.0,0.0,0.0,0.0
2020-01-14,144478050,0,0,0,,0.0,0.0,0.0,0.0,0.0
2020-01-15,144478050,0,0,0,,0.0,0.0,0.0,0.0,0.0
2020-01-16,144478050,0,0,0,,0.0,0.0,0.0,0.0,0.0
2020-01-17,144478050,0,0,0,,0.0,0.0,0.0,0.0,0.0
2020-01-18,144478050,0,0,0,,0.0,0.0,0.0,0.0,0.0
2020-01-19,144478050,0,0,0,,0.0,0.0,0.0,0.0,0.0
2020-01-20,144478050,0,0,0,,0.0,0.0,0.0,0.0,0.0
2020-01-21,144478050,0,0,0,,0.0,0.0,0.0,0.0,0.0
2020-01-22,144478050,0,0,0,,0.0,0.0,0.0,0.0,0.0
2020-01-23,144478050,0,0,0,,0.0,0.0,0.0,0.0,0.0
2020-01-24,144478050,0,0,0,,0.0,0.0,0.0,0.0,0.0
2020-01-25,144478050,0,0,0,,0.0,0.0,0.0,0.0,0.0
2020-01-26,144478050,0,0,0,,0.0,0.0,0.0,0.0,0.0
2020-01-27,144478050,0,0,0,,0.0,0.0,0.0,0.0,0.0
2020-01-28,144478050,0,0,0,,0.0,0.0,0.0,0.0,0.0
2020-01-29,144478050,0,0,0,,0.0,0.0,0.0,0.0,0.0
2020-01-30,144478050,0,0,0,,0.0,0.0,0.0,0.0,0.0
2020-01-31,144478048,2,0,0,,0.0,0.0,0.0,0.0,0.0
2020-02-01,144478048,2,0,0,,0.0,0.0,0.0,0.0,0.0
2020-02-02,144478048,2,0,0,,0.0,0.0,0.0,0.0,0.0
2020-02-03,144478048,2,0,0,,0.0,0.0,0.0,0.0,0.0
2020-02-04,144478048,2,0,0,,0.0,0.0,0.0,0.0,0.0
2020-02-05,144478048,2,0,0,,0.0,0.0,0.0,0.0,0.0
2020-02-06,144478048,2,0,0,,0.0,0.0,0.0,0.0,0.0
2020-02-07,144478048,2,0,0,,0.0,0.0,0.0,0.0,0.0
2020-02-08,144478048,2,0,0,,0.0,0.0,0.0,0.0,0.0
2020-02-09,144478048,2,0,0,,0.0,0.0,0.0,0.0,0.0
2020-02-10,144478048,2,0,0,,0.0,0.0,0.0,0.0,0.0
2020-02-11,144478048,2,0,0,,0.0,0.0,0.0,0.0,0.0
2020-02-12,144478048,0,2,0,,0.0,0.0,0.0,0.0,0.0
2020-02-13,144478048,0,2,0,,0.0,0.0,0.0,0.0,0.0
2020-02-14,144478048,0,2,0,,0.0,0.0,0.0,0.0,0.0
2020-02-15,144478048,0,2,0,,0.0,0.0,0.0,0.0,0.0
2020-02-16,144478048,0,2,0,,0.0,0.0,0.0,0.0,0.0
2020-02-17,144478048,0,2,0,,0.0,0.0,0.0,0.0,0.0
2020-02-18,144478048,0,2,0,,0.0,0.0,0.0,0.0,0.0
2020-02-19,144478048,0,2,0,,0.0,0.0,0.0,0.0,0.0
2020-02-20,144478048,0,2,0,,0.0,0.0,0.0,0.0,0.0
2020-02-21,144478048,0,2,0,,0.0,0.0,0.0,0.0,0.0
2020-02-22,144478048,0,2,0,,0.0,0.0,0.0,0.0,0.0
2020-02-23,144478048,0,2,0,,0.0,0.0,0.0,0.0,0.0
2020-02-24,144478048,0,2,0,,0.0,0.0,0.0,0.0,0.0
2020-02-25,144478048,0,2,0,,0.0,0.0,0.0,0.0,0.0
2020-02-26,144478048,0,2,0,,0.0,0.0,0.0,0.0,0.0
2020-02-27,144478048,0,2,0,,0.0,0.0,0.0,0.0,0.0
2020-02-28,144478048,0,2,0,,0.0,0.0,0.0,0.0,0.0
2020-02-29,144478048,0,2,0,,0.0,0.0,0.0,0.0,0.0
2020-03-01,144478048,0,2,0,,0.0,0.0,0.0,0.0,0.0
2020-03-02,144478047,1,2,0,,0.0,0.0,0.0,0.0,0.0
2020-03-03,144478047,1,2,0,,0.0,0.0,0.0,0.0,0.0
2020-03-04,144478047,1,2,0,,0.0,0.0,0.0,0.0,0.0
2020-03-05,144478046,2,2,0,,0.0,0.0,0.0,0.0,0.0
2020-03-06,144478037,11,2,0,,0.0,0.0,0.0,0.0,0.0
2020-03-07,144478037,11,2,0,,0.0,0.0,0.0,0.0,0.0
2020-03-08,144478033,14,3,0,,0.0,0.0,0.0,0.0,0.0
2020-03-09,144478033,14,3,0,,0.0,0.0,0.0,0.0,0.0
2020-03-10,144478030,17,3,0,,0.0,0.0,2.0,0.0,0.0
2020-03-11,144478030,17,3,0,,0.0,0.0,2.0,0.0,0.0
2020-03-12,144478022,25,3,0,,0.0,0.0,2.0,0.0,0.0
2020-03-13,144478005,42,3,0,,0.0,0.0,2.0,0.0,0.0
2020-03-14,144477991,51,8,0,,1.0,0.0,2.0,0.0,0.0
2020-03-15,144477987,55,8,0,,1.0,0.0,2.0,0.0,0.0
2020-03-16,144477960,82,8,0,,1.0,0.0,2.0,0.0,0.0
2020-03-17,144477936,106,8,0,,1.0,2.0,2.0,0.0,0.0
2020-03-18,144477903,138,9,0,,1.0,2.0,2.0,0.0,0.0
2020-03-19,144477851,189,9,1,,2.0,2.0,2.0,0.0,0.0
2020-03-20,144477797,242,10,1,,2.0,2.0,2.0,0.0,0.0
2020-03-21,144477744,293,12,1,,3.0,2.0,2.0,0.0,0.0
2020-03-22,144477683,350,16,1,,3.0,2.0,2.0,0.0,0.0
2020-03-23,144477612,418,19,1,,3.0,2.0,2.0,0.0,0.0
2020-03-24,144477555,472,22,1,,3.0,2.0,2.0,0.0,0.0
2020-03-25,144477392,626,29,3,,3.0,2.0,2.0,0.0,0.0
2020-03-26,144477210,799,38,3,,3.0,2.0,2.0,0.0,0.0
2020-03-27,144477014,987,45,4,,3.0,2.0,2.0,0.0,0.0
2020-03-28,144476786,1211,49,4,,3.0,2.0,2.0,0.0,0.0
2020-03-29,144476516,1462,64,8,,3.0,2.0,2.0,0.0,0.0
2020-03-30,144476214,1761,66,9,,3.0,3.0,2.0,1.0,3.0
2020-03-31,144475713,2199,121,17,,3.0,3.0,2.0,1.0,3.0
2020-04-01,144475273,2563,190,24,,3.0,3.0,2.0,1.0,3.0
2020-04-02,144474502,3283,235,30,,3.0,3.0,2.0,1.0,3.0
2020-04-03,144473901,3834,281,34,,3.0,3.0,2.0,1.0,3.0
2020-04-04,144473319,4355,333,43,,3.0,3.0,2.0,1.0,3.0
2020-04-05,144472661,4989,355,45,,3.0,3.0,2.0,1.0,3.0
2020-04-06,144471707,5890,406,47,,3.0,3.0,2.0,1.0,3.0
2020-04-07,144470553,6945,494,58,,3.0,3.0,2.0,1.0,3.0
2020-04-08,144469378,8029,580,63,,3.0,3.0,2.0,1.0,3.0
2020-04-09,144467919,9357,698,76,,3.0,3.0,2.0,1.0,3.0
2020-04-10,144466133,11028,795,94,,3.0,3.0,2.0,1.0,3.0
2020-04-11,144464466,12433,1045,106,,3.0,3.0,2.0,1.0,3.0
2020-04-12,144462280,14349,1291,130,,3.0,3.0,2.0,1.0,3.0
2020-04-13,144459722,16710,1470,148,,3.0,3.0,2.0,1.0,3.0
2020-04-14,144456948,19238,1694,170,,3.0,3.0,2.0,1.0,3.0
2020-04-15,144453560,22306,1986,198,,3.0,3.0,2.0,1.0,3.0
2020-04-16,144450112,25402,2304,232,,3.0,3.0,2.0,1.0,3.0
2020-04-17,144446042,29145,2590,273,,3.0,3.0,2.0,1.0,3.0
2020-04-18,144441257,33423,3057,313,,3.0,3.0,2.0,1.0,3.0
2020-04-19,144435197,39201,3291,361,,3.0,3.0,2.0,1.0,3.0
2020-04-20,144430929,43270,3446,405,,3.0,3.0,2.0,1.0,3.0
2020-04-21,144425287,48434,3873,456,,3.0,3.0,2.0,1.0,3.0
2020-04-22,144420051,53066,4420,513,,3.0,3.0,2.0,1.0,3.0
2020-04-23,144415277,57327,4891,555,,3.0,3.0,2.0,1.0,3.0
2020-04-24,144409428,62439,5568,615,,3.0,3.0,2.0,1.0,3.0
2020-04-25,144403462,67657,6250,681,,3.0,3.0,2.0,1.0,3.0
2020-04-26,144397101,73435,6767,747,,3.0,3.0,2.0,1.0,3.0
2020-04-27,144390903,79007,7346,794,,3.0,3.0,2.0,1.0,3.0
2020-04-28,144384492,84235,8456,867,,3.0,3.0,2.0,1.0,3.0
2020-04-29,144378651,88141,10286,972,,3.0,3.0,2.0,1.0,3.0
2020-04-30,144371552,93806,11619,1073,,3.0,3.0,2.0,1.0,3.0
2020-05-01,144363619,100042,13220,1169,,3.0,3.0,2.0,1.0,3.0
2020-05-02,144353996,107819,15013,1222,,3.0,3.0,2.0,1.0,3.0
2020-05-03,144343363,116768,16639,1280,,3.0,3.0,2.0,1.0,3.0
2020-05-04,144332782,125817,18095,1356,,3.0,3.0,2.0,1.0,3.0
2020-05-05,144322680,134054,19865,1451,,3.0,3.0,2.0,1.0,3.0
2020-05-06,144312121,143065,21327,1537,,3.0,3.0,2.0,1.0,3.0
2020-05-07,144300890,151732,23803,1625,,3.0,3.0,2.0,1.0,3.0
2020-05-08,144290191,159528,26608,1723,,3.0,3.0,2.0,1.0,3.0
2020-05-09,144279374,164933,31916,1827,,3.0,3.0,2.0,1.0,3.0
2020-05-10,144268362,173467,34306,1915,,3.0,3.0,2.0,1.0,3.0
2020-05-11,144256706,179534,39801,2009,,3.0,3.0,2.0,1.0,3.0
2020-05-12,144245807,186615,43512,2116,,3.0,2.0,2.0,1.0,3.0
2020-05-13,144235779,192056,48003,2212,,3.0,2.0,2.0,1.0,3.0
2020-05-14,144225805,196410,53530,2305,,3.0,2.0,2.0,1.0,3.0
2020-05-15,144215207,202199,58226,2418,,3.0,2.0,2.0,1.0,3.0
2020-05-16,144206007,206340,63166,2537,,3.0,2.0,2.0,1.0,3.0
2020-05-17,144196298,211748,67373,2631,,3.0,2.0,2.0,1.0,3.0
2020-05-18,144187372,217747,70209,2722,,3.0,2.0,2.0,1.0,3.0
2020-05-19,144178109,220974,76130,2837,,3.0,2.0,2.0,1.0,3.0
2020-05-20,144169345,220341,85392,2972,,3.0,2.0,2.0,1.0,3.0
2020-05-21,144160496,221774,92681,3099,,3.0,2.0,2.0,1.0,3.0
2020-05-22,144151602,223374,99825,3249,,3.0,2.0,2.0,1.0,3.0
2020-05-23,144142168,224558,107936,3388,,3.0,2.0,2.0,1.0,3.0
2020-05-24,144133569,227641,113299,3541,,3.0,2.0,2.0,1.0,3.0
2020-05-25,144124623,230996,118798,3633,,3.0,2.0,2.0,1.0,3.0
2020-05-26,144115708,227406,131129,3807,,3.0,2.0,2.0,1.0,3.0
2020-05-27,144107370,224504,142208,3968,,3.0,2.0,2.0,1.0,3.0
2020-05-28,144098999,223916,150993,4142,,3.0,2.0,2.0,1.0,3.0
2020-05-29,144090427,223992,159257,4374,,3.0,2.0,2.0,1.0,3.0
2020-05-30,144081475,224551,167469,4555,,3.0,2.0,2.0,1.0,3.0
2020-05-31,144072207,229267,171883,4693,,3.0,2.0,2.0,1.0,3.0
2020-06-01,144063722,233965,175514,4849,,3.0,2.0,2.0,1.0,2.0
2020-06-02,144054864,231553,186602,5031,,3.0,2.0,2.0,1.0,2.0
2020-06-03,144046335,230948,195559,5208,,3.0,2.0,2.0,1.0,2.0
2020-06-04,144037512,230965,204197,5376,,3.0,2.0,2.0,1.0,2.0
2020-06-05,144028794,231499,212237,5520,,3.0,2.0,2.0,1.0,2.0
2020-06-06,144019948,231450,220935,5717,,3.0,2.0,2.0,1.0,2.0
2020-06-07,144010977,234950,226272,5851,,3.0,2.0,2.0,1.0,2.0
2020-06-08,144002007,239854,230226,5963,,3.0,2.0,2.0,1.0,2.0
2020-06-09,143993420,236579,241917,6134,,3.0,2.0,2.0,1.0,0.0
2020-06-10,143985027,234378,252295,6350,,3.0,2.0,2.0,1.0,0.0
2020-06-11,143976250,234629,260649,6522,,3.0,2.0,2.0,1.0,0.0
2020-06-12,143967289,235194,268862,6705,,3.0,2.0,2.0,1.0,0.0
2020-06-13,143958592,238511,274128,6819,,3.0,2.0,2.0,1.0,0.0
2020-06-14,143949783,241793,279536,6938,,3.0,2.0,2.0,1.0,0.0
2020-06-15,143941566,245382,284021,7081,,3.0,2.0,2.0,1.0,0.0
2020-06-16,143933325,243671,293780,7274,,3.0,2.0,2.0,1.0,0.0
2020-06-17,143925501,241281,303800,7468,,3.0,2.0,2.0,1.0,0.0
2020-06-18,143917729,239262,313409,7650,,3.0,2.0,2.0,1.0,0.0
2020-06-19,143909758,236610,323851,7831,,3.0,2.0,2.0,1.0,0.0
2020-06-20,143901888,234146,334024,7992,,3.0,2.0,2.0,1.0,0.0
2020-06-21,143894171,236636,339142,8101,,3.0,2.0,2.0,1.0,0.0
2020-06-22,143886585,239422,343847,8196,,3.0,2.0,2.0,1.0,0.0
2020-06-23,143879172,234682,355847,8349,,3.0,2.0,2.0,1.0,0.0
2020-06-24,143872007,229318,368222,8503,,3.0,2.0,2.0,1.0,0.0
2020-06-25,143864902,229997,374557,8594,,3.0,2.0,2.0,1.0,0.0
2020-06-26,143858114,227642,383524,8770,,3.0,2.0,2.0,1.0,0.0
2020-06-27,143851271,225118,392703,8958,,3.0,2.0,2.0,1.0,0.0
2020-06-28,143844487,226067,398436,9060,,3.0,2.0,2.0,1.0,0.0
2020-06-29,143837804,228316,402778,9152,,3.0,2.0,2.0,1.0,0.0
2020-06-30,143831121,225650,411973,9306,,3.0,2.0,2.0,1.0,0.0
2020-07-01,143824571,221723,422235,9521,,3.0,2.0,2.0,1.0,0.0
2020-07-02,143817819,222287,428276,9668,,3.0,2.0,2.0,1.0,0.0
2020-07-03,143811109,219942,437155,9844,,3.0,2.0,2.0,1.0,0.0
2020-07-04,143804486,217426,446127,10011,,3.0,2.0,2.0,1.0,0.0
2020-07-05,143797767,220143,449995,10145,,3.0,2.0,2.0,1.0,0.0
2020-07-06,143791198,223002,453570,10280,,3.0,2.0,2.0,1.0,0.0
2020-07-07,143784835,219634,463103,10478,,3.0,2.0,2.0,1.0,0.0
2020-07-08,143778301,217381,471718,10650,,3.0,2.0,2.0,1.0,0.0
2020-07-09,143771810,214920,480494,10826,,3.0,2.0,2.0,1.0,0.0
2020-07-10,143765187,213629,488234,11000,,3.0,2.0,2.0,1.0,0.0
2020-07-11,143758601,211667,496594,11188,,3.0,2.0,2.0,1.0,0.0
2020-07-12,143752014,214510,500208,11318,,3.0,2.0,2.0,1.0,0.0
2020-07-13,143745503,217957,503168,11422,,2.0,2.0,2.0,1.0,0.0
2020-07-14,143739263,215232,511958,11597,,2.0,2.0,2.0,1.0,0.0
2020-07-15,143732853,211069,522375,11753,,2.0,2.0,2.0,1.0,0.0
2020-07-16,143726438,208891,530801,11920,,2.0,2.0,2.0,1.0,0.0
2020-07-17,143720049,207428,538467,12106,,2.0,2.0,2.0,1.0,0.0
2020-07-18,143713835,206078,545909,12228,,2.0,2.0,2.0,1.0,0.0
2020-07-19,143707739,208601,549387,12323,,2.0,2.0,2.0,1.0,0.0
2020-07-20,143701838,211160,552644,12408,,2.0,2.0,2.0,1.0,0.0
2020-07-21,143696010,208082,561397,12561,,2.0,2.0,2.0,1.0,0.0
2020-07-22,143690160,204115,571049,12726,,2.0,2.0,2.0,1.0,0.0
2020-07-23,143684330,201552,579295,12873,,2.0,2.0,2.0,1.0,0.0
2020-07-24,143678551,198745,587728,13026,,2.0,2.0,2.0,1.0,0.0
2020-07-25,143672718,196096,596064,13172,,2.0,2.0,2.0,1.0,0.0
2020-07-26,143666977,198652,599172,13249,,2.0,2.0,2.0,1.0,0.0
2020-07-27,143661370,201097,602249,13334,,2.0,2.0,2.0,1.0,0.0
2020-07-28,143655990,197468,611109,13483,,2.0,2.0,2.0,1.0,0.0
2020-07-29,143650541,194655,619204,13650,,2.0,2.0,2.0,1.0,0.0
2020-07-30,143645057,190733,628482,13778,,2.0,2.0,2.0,1.0,0.0
2020-07-31,143639589,187305,637217,13939,,2.0,2.0,2.0,1.0,0.0
2020-08-01,143634160,184540,645316,14034,,2.0,2.0,2.0,1.0,0.0
2020-08-02,143628773,186212,648961,14104,,2.0,2.0,2.0,1.0,0.0
2020-08-03,143623409,188086,652372,14183,,2.0,2.0,2.0,1.0,0.0
2020-08-04,143618288,185200,660235,14327,,2.0,2.0,2.0,1.0,0.0
2020-08-05,143613102,182714,667769,14465,,2.0,2.0,2.0,1.0,0.0
2020-08-06,143607863,180539,675069,14579,,2.0,2.0,2.0,1.0,0.0
2020-08-07,143602672,178402,682278,14698,,2.0,2.0,2.0,1.0,0.0
2020-08-08,143597487,176880,688856,14827,,2.0,2.0,2.0,1.0,0.0
2020-08-09,143592332,178756,692059,14903,,2.0,2.0,2.0,1.0,0.0
2020-08-10,143587251,180509,695317,14973,,2.0,2.0,2.0,1.0,0.0
2020-08-11,143582359,178792,701796,15103,,2.0,2.0,2.0,1.0,0.0
2020-08-12,143577305,176614,708900,15231,,2.0,2.0,2.0,1.0,0.0
2020-08-13,143572288,175475,714934,15353,,2.0,2.0,2.0,1.0,0.0
2020-08-14,143567272,173838,721473,15467,,2.0,2.0,2.0,1.0,0.0
2020-08-15,143562242,172328,727895,15585,,2.0,2.0,2.0,1.0,0.0
2020-08-16,143557331,173622,731444,15653,,2.0,2.0,2.0,1.0,0.0
2020-08-17,143552492,175278,734573,15707,,2.0,2.0,2.0,1.0,0.0
2020-08-18,143547774,173395,741045,15836,,2.0,2.0,2.0,1.0,0.0
2020-08-19,143542984,171313,747802,15951,,2.0,2.0,2.0,1.0,0.0
2020-08-20,143538217,169907,753868,16058,,2.0,2.0,2.0,1.0,0.0
2020-08-21,143533379,168884,759639,16148,,2.0,2.0,2.0,1.0,0.0
2020-08-22,143528519,167509,765754,16268,,2.0,2.0,2.0,1.0,0.0
2020-08-23,143523722,169081,768906,16341,,2.0,2.0,2.0,1.0,0.0
2020-08-24,143519034,171253,771357,16406,,2.0,2.0,2.0,1.0,0.0
2020-08-25,143514395,169171,777960,16524,,2.0,2.0,2.0,1.0,0.0
2020-08-26,143509753,167382,784277,16638,,2.0,2.0,2.0,1.0,0.0
2020-08-27,143505078,165585,790629,16758,,2.0,2.0,2.0,1.0,0.0
2020-08-28,143500320,164366,796498,16866,,2.0,2.0,2.0,1.0,0.0
2020-08-29,143495477,163231,802365,16977,,2.0,2.0,2.0,1.0,0.0
2020-08-30,143490580,165484,804941,17045,,2.0,2.0,2.0,1.0,0.0
2020-08-31,143485648,167935,807339,17128,,2.0,2.0,2.0,1.0,0.0
2020-09-01,143480978,166219,813603,17250,,1.0,2.0,2.0,0.0,0.0
2020-09-02,143476085,165557,819043,17365,,1.0,2.0,2.0,0.0,0.0
2020-09-03,143471127,164661,824783,17479,,1.0,2.0,2.0,0.0,0.0
2020-09-04,143466063,163857,830532,17598,,1.0,2.0,2.0,0.0,0.0
2020-09-05,143460919,163540,835884,17707,,1.0,2.0,2.0,0.0,0.0
2020-09-06,143455822,165780,838680,17768,,1.0,2.0,2.0,0.0,0.0
2020-09-07,143450716,168519,840997,17818,,1.0,2.0,2.0,0.0,0.0
2020-09-08,143445696,166669,847746,17939,,1.0,2.0,2.0,0.0,0.0
2020-09-09,143440524,165377,854069,18080,,2.0,2.0,2.0,0.0,0.0
2020-09-10,143435214,164668,859961,18207,,2.0,2.0,2.0,0.0,0.0
2020-09-11,143429793,164302,865646,18309,,2.0,2.0,2.0,0.0,0.0
2020-09-12,143424387,164237,871000,18426,,2.0,2.0,2.0,0.0,0.0
2020-09-13,143419026,166823,873684,18517,,2.0,2.0,2.0,0.0,0.0
2020-09-14,143413612,169713,876152,18573,,2.0,2.0,2.0,0.0,0.0
2020-09-15,143408177,169457,881693,18723,,2.0,2.0,2.0,0.0,0.0
2020-09-16,143402565,169175,887457,18853,,2.0,2.0,2.0,0.0,0.0
2020-09-17,143396898,169011,893145,18996,,2.0,2.0,2.0,0.0,0.0
2020-09-18,143391095,169407,898420,19128,,2.0,2.0,2.0,0.0,0.0
2020-09-19,143385135,170100,903545,19270,,2.0,2.0,2.0,0.0,0.0
2020-09-20,143379092,173178,906431,19349,,2.0,2.0,2.0,0.0,0.0
2020-09-21,143373002,176602,909026,19420,,2.0,2.0,2.0,0.0,0.0
2020-09-22,143366893,176659,914923,19575,,2.0,2.0,2.0,0.0,1.0
2020-09-23,143360563,177165,920602,19720,,2.0,2.0,2.0,0.0,1.0
2020-09-24,143354074,177446,926663,19867,,2.0,2.0,2.0,0.0,1.0
2020-09-25,143346962,180160,930955,19973,,2.0,2.0,2.0,0.0,1.0
2020-09-26,143339541,181488,936881,20140,,2.0,2.0,2.0,0.0,1.0
2020-09-27,143331777,186113,939921,20239,,2.0,2.0,2.0,0.0,1.0
2020-09-28,143323751,191381,942619,20299,,2.0,2.0,2.0,0.0,1.0
2020-09-29,143315622,192987,948985,20456,,2.0,2.0,2.0,0.0,1.0
2020-09-30,143307251,195381,954788,20630,,2.0,2.0,2.0,0.0,1.0
2020-10-01,143298416,198109,960729,20796,,2.0,2.0,2.0,0.0,1.0
2020-10-02,143289122,201223,966724,20981,,2.0,2.0,2.0,0.0,1.0
2020-10-03,143279387,205261,972249,21153,,2.0,2.0,2.0,0.0,1.0
2020-10-04,143269011,212291,975488,21260,,2.0,2.0,2.0,0.0,1.0
2020-10-05,143258254,219811,978610,21375,,2.0,2.0,2.0,0.0,1.0
2020-10-06,143246773,224951,984767,21559,,2.0,2.0,2.0,0.0,1.0
2020-10-07,143235792,229226,991277,21755,,2.0,2.0,2.0,0.0,1.0
2020-10-08,143224447,233467,998197,21939,,2.0,2.0,2.0,0.0,1.0
2020-10-09,143212478,238236,1005199,22137,,2.0,2.0,2.0,0.0,1.0
2020-10-10,143199805,244003,1011911,22331,,2.0,2.0,2.0,0.0,1.0
2020-10-11,143186363,253096,1016120,22471,,2.0,2.0,2.0,0.0,1.0
2020-10-12,143172957,262594,1019905,22594,,2.0,2.0,2.0,0.0,1.0
2020-10-13,143159267,268601,1027348,22834,,2.0,2.0,2.0,0.0,1.0
2020-10-14,143145226,274614,1035141,23069,,2.0,2.0,2.0,0.0,1.0
2020-10-15,143131670,279599,1043431,23350,,2.0,2.0,2.0,0.0,1.0
2020-10-16,143116733,285957,1051780,23580,,2.0,2.0,2.0,0.0,1.0
2020-10-17,143102030,291884,1060279,23857,,2.0,2.0,2.0,0.0,1.0
2020-10-18,143087226,301177,1065608,24039,,2.0,2.0,2.0,0.0,1.0
2020-10-19,143071383,311542,1070920,24205,,2.0,2.0,2.0,0.0,1.0
2020-10-20,143055275,317841,1080461,24473,,2.0,2.0,2.0,0.0,1.0
2020-10-21,143039831,322169,1091264,24786,,2.0,2.0,2.0,0.0,1.0
2020-10-22,143024127,326287,1102564,25072,,2.0,2.0,2.0,0.0,1.0
2020-10-23,143007050,331911,1113736,25353,,2.0,2.0,2.0,0.0,1.0
2020-10-24,142990790,336458,1125155,25647,,2.0,2.0,2.0,0.0,1.0
2020-10-25,142974398,344987,1132790,25875,,2.0,2.0,2.0,0.0,1.0
2020-10-26,142957250,354375,1140333,26092,,2.0,2.0,2.0,0.0,1.0
2020-10-27,142940908,357885,1152848,26409,,2.0,2.0,2.0,0.0,1.0
2020-10-28,142925022,361361,1164915,26752,,2.0,2.0,2.0,0.0,1.0
2020-10-29,142907604,363870,1179465,27111,,2.0,2.0,2.0,0.0,1.0
2020-10-30,142889617,367104,1193867,27462,,2.0,2.0,2.0,0.0,1.0
2020-10-31,142871783,370040,1208440,27787,,2.0,2.0,2.0,0.0,1.0
2020-11-01,142853402,378003,1218619,28026,,2.0,2.0,2.0,0.0,1.0
2020-11-02,142835385,385480,1228921,28264,,2.0,2.0,2.0,0.0,1.0
2020-11-03,142816954,388473,1244012,28611,,2.0,2.0,2.0,0.0,1.0
2020-11-04,142797471,392389,1259194,28996,,2.0,2.0,2.0,0.0,1.0
2020-11-05,142778355,399061,1271349,29285,,2.0,2.0,2.0,0.0,1.0
2020-11-06,142757987,402313,1288096,29654,,2.0,2.0,2.0,0.0,1.0
2020-11-07,142737878,405555,1304607,30010,,2.0,2.0,2.0,0.0,1.0
2020-11-08,142717630,414200,1315928,30292,,2.0,2.0,2.0,0.0,1.0
2020-11-09,142696053,424883,1326568,30546,,2.0,2.0,2.0,0.0,1.0
2020-11-10,142675288,429995,1341868,30899,,2.0,2.0,2.0,0.0,1.0
2020-11-11,142655705,430970,1360049,31326,,2.0,2.0,2.0,0.0,1.0
2020-11-12,142634372,433460,1378463,31755,,2.0,2.0,2.0,0.0,1.0
2020-11-13,142612655,436388,1396851,32156,,2.0,2.0,2.0,0.0,1.0
2020-11-14,142590214,440087,1415213,32536,,2.0,2.0,2.0,0.0,1.0
2020-11-15,142567901,447699,1429565,32885,,2.0,2.0,2.0,0.0,1.0
2020-11-16,142545339,456134,1443393,33184,,2.0,2.0,2.0,0.0,1.0
2020-11-17,142523138,456242,1465051,33619,,2.0,2.0,2.0,0.0,1.0
2020-11-18,142502421,451668,1489893,34068,,2.0,2.0,2.0,0.0,1.0
2020-11-19,142479084,449496,1514945,34525,,2.0,2.0,2.0,0.0,1.0
2020-11-20,142455025,448693,1539352,34980,,2.0,2.0,2.0,0.0,1.0
2020-11-21,142430487,447224,1564897,35442,,2.0,2.0,2.0,0.0,1.0
2020-11-22,142406192,453252,1582768,35838,,2.0,2.0,2.0,0.0,1.0
2020-11-23,142381301,461834,1598723,36192,,2.0,2.0,2.0,0.0,1.0
2020-11-24,142357214,462696,1621465,36675,,2.0,2.0,2.0,0.0,1.0
2020-11-25,142333821,460319,1646737,37173,,2.0,2.0,2.0,0.0,1.0
2020-11-26,142308626,460387,1671349,37688,,2.0,2.0,2.0,0.0,1.0
2020-11-27,142281359,460898,1697618,38175,,2.0,2.0,2.0,0.0,1.0
2020-11-28,142254550,460408,1724416,38676,,2.0,2.0,2.0,0.0,1.0
2020-11-29,142228160,464484,1746279,39127,,2.0,2.0,2.0,0.0,1.0
2020-11-30,142202114,472952,1763493,39491,,2.0,2.0,2.0,0.0,1.0
2020-12-01,142175988,474050,1787962,40050,,2.0,2.0,2.0,0.0,1.0
2020-12-02,142150945,472033,1814442,40630,,2.0,2.0,2.0,0.0,1.0
2020-12-03,142123116,470235,1843526,41173,,2.0,2.0,2.0,0.0,1.0
2020-12-04,142096038,468068,1872214,41730,,2.0,2.0,2.0,0.0,1.0
2020-12-05,142067588,468760,1899474,42228,,2.0,2.0,2.0,0.0,1.0
2020-12-06,142038887,475744,1920744,42675,,2.0,2.0,2.0,0.0,1.0
2020-12-07,142011089,484446,1939393,43122,,2.0,2.0,2.0,0.0,1.0
2020-12-08,141985337,485175,1963864,43674,,2.0,2.0,2.0,0.0,1.0
2020-12-09,141959499,484621,1989710,44220,,2.0,2.0,2.0,0.0,1.0
2020-12-10,141931937,486207,2015137,44769,,2.0,2.0,2.0,0.0,1.0
2020-12-11,141903731,487943,2041006,45370,,2.0,2.0,2.0,0.0,1.0
2020-12-12,141876002,489415,2066710,45923,,2.0,2.0,2.0,0.0,1.0
2020-12-13,141848351,496408,2086887,46404,,2.0,2.0,2.0,0.0,1.0
2020-12-14,141821449,504341,2105414,46846,,2.0,2.0,2.0,0.0,1.0
2020-12-15,141795184,505650,2129806,47410,,2.0,2.0,2.0,0.0,1.0
2020-12-16,141769110,505104,2155842,47994,,2.0,2.0,2.0,0.0,1.0
2020-12-17,141741323,506463,2181696,48568,,2.0,2.0,2.0,0.0,1.0
2020-12-18,141713207,508275,2207398,49170,,2.0,2.0,2.0,0.0,1.0
2020-12-19,141685435,509811,2233060,49744,,2.0,2.0,2.0,0.0,1.0
2020-12-20,141656925,517057,2253826,50242,,2.0,2.0,2.0,0.0,1.0
2020-12-21,141628008,525809,2273510,50723,,2.0,2.0,2.0,0.0,1.0
2020-12-22,141599668,529819,2297289,51274,,2.0,2.0,2.0,0.0,1.0
2020-12-23,141572854,532024,2321362,51810,,2.0,2.0,2.0,0.0,1.0
2020-12-24,141543355,534561,2347700,52434,,2.0,2.0,2.0,0.0,1.0
2020-12-25,141514760,535716,2374589,52985,,2.0,2.0,2.0,0.0,1.0
2020-12-26,141485927,536462,2402122,53539,,2.0,2.0,2.0,0.0,1.0
2020-12-27,141458078,539798,2426094,54080,,2.0,2.0,2.0,0.0,1.0
2020-12-28,141430715,546364,2446412,54559,,2.0,2.0,2.0,0.0,1.0
2020-12-29,141404127,548033,2470783,55107,,2.0,2.0,2.0,0.0,1.0
2020-12-30,141378032,544861,2499465,55692,,2.0,2.0,2.0,0.0,1.0
2020-12-31,141350703,543354,2527722,56271,,2.0,2.0,2.0,0.0,1.0
2021-01-01,141324090,543695,2553467,56798,,2.0,2.0,2.0,0.0,1.0
2021-01-02,141298152,550384,2572279,57235,,2.0,2.0,2.0,0.0,1.0
2021-01-03,141274307,554076,2591937,57730,,2.0,2.0,2.0,0.0,1.0
2021-01-04,141251292,555621,2612934,58203,,2.0,2.0,2.0,0.0,1.0
2021-01-05,141227337,556765,2635242,58706,,2.0,2.0,2.0,0.0,1.0
2021-01-06,141203435,557484,2657994,59137,,2.0,2.0,2.0,0.0,1.0
2021-01-07,141180217,556832,2681373,59628,,2.0,2.0,2.0,0.0,1.0
2021-01-08,141156887,558147,2702949,60067,,2.0,2.0,2.0,0.0,1.0
2021-01-09,141133875,557316,2726336,60523,,2.0,2.0,2.0,0.0,1.0
2021-01-10,141111335,555650,2750102,60963,,2.0,2.0,2.0,0.0,1.0
2021-01-11,141088317,556551,2771793,61389,,2.0,2.0,2.0,0.0,1.0
2021-01-12,141065660,554350,2796132,61908,,2.0,2.0,2.0,0.0,1.0
2021-01-13,141043116,548231,2824240,62463,,2.0,2.0,2.0,0.0,1.0
2021-01-14,141018813,544484,2851737,63016,,2.0,2.0,2.0,0.0,1.0
2021-01-15,140994519,540891,2879082,63558,,2.0,2.0,2.0,0.0,1.0
2021-01-16,140970849,537095,2905972,64134,,2.0,2.0,2.0,0.0,1.0
2021-01-17,140947671,536523,2929255,64601,,2.0,2.0,2.0,0.0,1.0
2021-01-18,140925162,540350,2947479,65059,,2.0,2.0,2.0,0.0,1.0
2021-01-19,140903720,538248,2970450,65632,,2.0,2.0,2.0,0.0,1.0
2021-01-20,140882914,533666,2995256,66214,,2.0,2.0,2.0,0.0,1.0
2021-01-21,140861370,528009,3021861,66810,,2.0,2.0,2.0,0.0,1.0
2021-01-22,140840188,521649,3048837,67376,,2.0,2.0,2.0,0.0,1.0
2021-01-23,140819603,514292,3076236,67919,,2.0,2.0,2.0,0.0,1.0
2021-01-24,140798803,512345,3098505,68397,,2.0,2.0,2.0,0.0,1.0
2021-01-25,140779804,512000,3117405,68841,,2.0,2.0,2.0,0.0,1.0
2021-01-26,140761822,505907,3140930,69391,,2.0,2.0,2.0,0.0,1.0
2021-01-27,140744358,495351,3168370,69971,,2.0,2.0,2.0,0.0,1.0
2021-01-28,140725502,487190,3194825,70533,,2.0,2.0,2.0,0.0,1.0
2021-01-29,140706536,479809,3220651,71054,,2.0,2.0,2.0,0.0,1.0
2021-01-30,140687785,473853,3244856,71556,,2.0,1.0,2.0,0.0,1.0
2021-01-31,140669702,471708,3264611,72029,,2.0,1.0,2.0,0.0,1.0
2021-02-01,140652311,470652,3282631,72456,,2.0,1.0,2.0,0.0,1.0
2021-02-02,140635905,464852,3304311,72982,,2.0,1.0,2.0,0.0,1.0
2021-02-03,140619683,456174,3328696,73497,,2.0,1.0,2.0,0.0,1.0
2021-02-04,140603220,448105,3352720,74005,,2.0,1.0,2.0,0.0,1.0
2021-02-05,140586776,440755,3375999,74520,,2.0,1.0,2.0,0.0,1.0
2021-02-06,140570397,434098,3398545,75010,,2.0,1.0,2.0,0.0,1.0
2021-02-07,140554589,429702,3418329,75430,,2.0,1.0,2.0,0.0,1.0
2021-02-08,140538888,429171,3434163,75828,,2.0,1.0,2.0,0.0,1.0
2021-02-09,140524080,422041,3455582,76347,,2.0,1.0,2.0,0.0,1.0
2021-02-10,140509822,413595,3477760,76873,,2.0,1.0,2.0,0.0,1.0
2021-02-11,140495019,406386,3499230,77415,,2.0,1.0,2.0,0.0,1.0
2021-02-12,140480152,400298,3519689,77911,,2.0,1.0,2.0,0.0,1.0
2021-02-13,140465512,395894,3538241,78403,,2.0,1.0,2.0,0.0,1.0
2021-02-14,140451544,394355,3553326,78825,,2.0,1.0,2.0,0.0,1.0
2021-02-15,140437545,394106,3567189,79210,,2.0,1.0,2.0,0.0,1.0
2021-02-16,140424515,389399,3584477,79659,,2.0,1.0,2.0,0.0,1.0
2021-02-17,140411886,383883,3602163,80118,,2.0,1.0,2.0,0.0,1.0
2021-02-18,140398643,378269,3620551,80587,,2.0,1.0,2.0,0.0,1.0
2021-02-19,140385401,372590,3639011,81048,,2.0,1.0,2.0,0.0,1.0
2021-02-20,140372626,367593,3656314,81517,,2.0,1.0,2.0,0.0,1.0
2021-02-21,140360058,363982,3672084,81926,,2.0,1.0,2.0,0.0,1.0
2021-02-22,140347603,363237,3684955,82255,,2.0,1.0,2.0,0.0,1.0
2021-02-23,140335924,361673,3697787,82666,,2.0,1.0,2.0,0.0,1.0
2021-02-24,140324315,360753,3709938,83044,,2.0,1.0,2.0,0.0,1.0
2021-02-25,140313248,355717,3725604,83481,,2.0,1.0,2.0,0.0,1.0
2021-02-26,140302293,350799,3741058,83900,,2.0,1.0,2.0,0.0,1.0
2021-02-27,140290884,346028,3756808,84330,,2.0,1.0,2.0,0.0,1.0
2021-02-28,140279650,344675,3769025,84700,,2.0,1.0,2.0,0.0,1.0
2021-03-01,140268200,344630,3780195,85025,,2.0,1.0,2.0,0.0,1.0
2021-03-02,140257759,339903,3794930,85458,1091497.0,2.0,1.0,2.0,0.0,1.0
2021-03-03,140247343,334479,3810327,85901,1201919.0,2.0,1.0,2.0,0.0,1.0
2021-03-04,140236080,329419,3826183,86368,1309569.0,2.0,1.0,2.0,0.0,1.0
2021-03-05,140225174,324551,3841504,86821,1393676.0,0.0,1.0,2.0,0.0,1.0
2021-03-06,140214265,320132,3856400,87253,1501746.0,0.0,1.0,2.0,0.0,1.0
2021-03-07,140203787,318748,3867901,87614,1527349.0,0.0,1.0,2.0,0.0,1.0
2021-03-08,140193642,318234,3878189,87985,1532861.0,0.0,1.0,2.0,0.0,1.0
2021-03-09,140184300,317364,3888071,88315,1544760.0,0.0,1.0,2.0,0.0,1.0
2021-03-10,140175324,312819,3901134,88773,1775478.0,0.0,1.0,2.0,0.0,1.0
2021-03-11,140166157,307803,3914866,89224,1907924.0,0.0,1.0,2.0,0.0,1.0
2021-03-12,140156462,303773,3928114,89701,1996378.0,0.0,1.0,2.0,0.0,1.0
2021-03-13,140146654,300483,3940744,90169,2084833.0,0.0,1.0,2.0,0.0,1.0
2021-03-14,140136669,300932,3949891,90558,2173287.0,0.0,1.0,2.0,0.0,1.0
2021-03-15,140127322,301470,3958300,90958,2261741.0,0.0,1.0,2.0,0.0,1.0
2021-03-16,140118017,299812,3968826,91395,2350196.0,0.0,1.0,2.0,0.0,1.0
2021-03-17,140109107,297692,3979436,91815,2438650.0,0.0,1.0,2.0,0.0,1.0
2021-03-18,140099394,295005,3991385,92266,2478390.0,0.0,1.0,2.0,0.0,1.0
2021-03-19,140089782,291882,4003682,92704,2641167.0,0.0,1.0,2.0,0.0,1.0
2021-03-20,140080234,289956,4014770,93090,2710605.0,0.0,1.0,2.0,0.0,1.0
2021-03-21,140071019,290114,4023460,93457,2751436.0,0.0,1.0,2.0,0.0,1.0
2021-03-22,140061824,291209,4031205,93812,2942217.0,0.0,1.0,2.0,0.0,1.0
2021-03-23,140053455,288648,4041716,94231,3132998.0,0.0,1.0,2.0,0.0,1.0
2021-03-24,140044686,287037,4051703,94624,3323780.0,0.0,1.0,2.0,0.0,1.0
2021-03-25,140035558,285036,4062446,95010,3514561.0,0.0,1.0,2.0,0.0,1.0
2021-03-26,140026485,282916,4073239,95410,3705342.0,0.0,1.0,2.0,0.0,1.0
2021-03-27,140017702,281118,4083438,95792,3896124.0,0.0,1.0,2.0,0.0,1.0
2021-03-28,140008723,281189,4092015,96123,4086905.0,0.0,1.0,2.0,0.0,0.0
2021-03-29,140000134,282240,4099263,96413,4277686.0,0.0,1.0,2.0,0.0,0.0
2021-03-30,139991972,280535,4108726,96817,4296849.0,0.0,1.0,2.0,0.0,0.0
2021-03-31,139983816,278306,4118709,97219,4369236.0,0.0,1.0,2.0,0.0,0.0
2021-04-01,139974759,276928,4128769,97594,4482884.0,0.0,1.0,2.0,0.0,0.0
2021-04-02,139966077,275529,4138458,97986,4531816.0,0.0,1.0,2.0,0.0,0.0
2021-04-03,139957171,274542,4147974,98363,4593824.0,0.0,1.0,2.0,0.0,0.0
2021-04-04,139948474,274722,4156141,98713,4615046.0,0.0,1.0,2.0,0.0,0.0
2021-04-05,139939949,275882,4163170,99049,4638702.0,0.0,2.0,2.0,0.0,1.0
2021-04-06,139931743,274928,4171948,99431,4721078.0,0.0,2.0,2.0,0.0,1.0
2021-04-07,139923569,273436,4181245,99800,5138882.0,0.0,2.0,2.0,0.0,1.0
2021-04-08,139915024,272167,4190701,100158,5207904.0,0.0,2.0,2.0,0.0,1.0
2021-04-09,139905997,271217,4200282,100554,5295548.0,0.0,2.0,2.0,0.0,1.0
2021-04-10,139897417,269930,4209754,100949,5401446.0,0.0,2.0,2.0,0.0,1.0
2021-04-11,139888841,270967,4216960,101282,5415493.0,0.0,2.0,2.0,0.0,1.0
2021-04-12,139880650,272258,4223590,101552,5461499.0,0.0,2.0,2.0,0.0,1.0
2021-04-13,139872606,270497,4233065,101882,5546176.0,0.0,2.0,2.0,0.0,1.0
2021-04-14,139864404,268960,4242411,102275,5623863.0,0.0,2.0,2.0,0.0,1.0
2021-04-15,139855586,267271,4252526,102667,5690858.0,0.0,2.0,2.0,0.0,1.0
2021-04-16,139846714,266749,4261528,103059,5738147.0,0.0,2.0,2.0,0.0,1.0
2021-04-17,139837513,266852,4270234,103451,5782138.0,0.0,2.0,2.0,0.0,1.0
2021-04-18,139829006,267613,4277597,103834,6147266.0,0.0,2.0,2.0,0.0,1.0
2021-04-19,139820541,268938,4284398,104173,6160302.0,0.0,2.0,2.0,0.0,1.0
2021-04-20,139812497,267142,4293866,104545,6226249.0,0.0,1.0,2.0,0.0,0.0
2021-04-21,139804351,265386,4303376,104937,6300874.0,0.0,1.0,2.0,0.0,0.0
2021-04-22,139795477,265059,4312186,105328,6430894.0,0.0,1.0,2.0,0.0,0.0
2021-04-23,139786760,264095,4321477,105718,6538025.0,0.0,1.0,2.0,0.0,0.0
2021-04-24,139778062,263270,4330610,106108,6767873.0,0.0,1.0,2.0,0.0,0.0
2021-04-25,139769410,264092,4338114,106434,6789814.0,0.0,1.0,2.0,0.0,0.0
2021-04-26,139760729,265803,4344735,106783,6869922.0,0.0,1.0,2.0,0.0,0.0
2021-04-27,139752798,265436,4352649,107167,6958027.0,0.0,1.0,2.0,0.0,0.0
2021-04-28,139745069,264534,4360900,107547,7130216.0,0.0,1.0,2.0,0.0,0.0
2021-04-29,139735908,265026,4369214,107902,7371691.0,0.0,1.0,2.0,0.0,0.0
2021-04-30,139727295,264961,4377504,108290,7534622.0,0.0,1.0,2.0,0.0,0.0
2021-05-01,139718148,265254,4385973,108675,7556421.0,0.0,1.0,2.0,0.0,0.0
2021-05-02,139709574,266205,4393260,109011,7639740.0,0.0,1.0,2.0,0.0,0.0
2021-05-03,139701206,267894,4399609,109341,7661398.0,0.0,1.0,2.0,0.0,0.0
2021-05-04,139693553,268538,4406289,109670,7689449.0,0.0,1.0,2.0,0.0,0.0
2021-05-05,139685696,268654,4413678,110022,8015940.0,0.0,1.0,2.0,0.0,0.0
2021-05-06,139678178,268177,4421329,110366,8284150.0,0.0,1.0,2.0,0.0,0.0
2021-05-07,139669917,268197,4429201,110735,8356282.0,0.0,1.0,2.0,0.0,0.0
2021-05-08,139661719,267945,4437289,111097,8540846.0,0.0,1.0,2.0,0.0,0.0
2021-05-09,139653429,268484,4444712,111425,8580756.0,0.0,1.0,2.0,0.0,0.0
2021-05-10,139645091,269776,4451443,111740,8620666.0,0.0,1.0,2.0,0.0,0.0
2021-05-11,139637102,270477,4458408,112063,8638684.0,0.0,1.0,2.0,0.0,0.0
2021-05-12,139629006,269852,4466782,112410,9009287.0,0.0,1.0,2.0,0.0,0.0
2021-05-13,139620747,268509,4475999,112795,9129433.0,0.0,1.0,2.0,0.0,0.0
2021-05-14,139611409,267867,4485592,113182,9435479.0,0.0,1.0,2.0,0.0,0.0
2021-05-15,139602742,266361,4495406,113541,9592559.0,0.0,1.0,2.0,0.0,0.0
2021-05-16,139594316,265862,4503945,113927,9656918.0,0.0,1.0,2.0,0.0,0.0
2021-05-17,139585112,267579,4511096,114263,9725703.0,0.0,1.0,2.0,0.0,0.0
2021-05-18,139577055,266488,4519888,114619,9926270.0,0.0,1.0,2.0,0.0,0.0
2021-05-19,139569256,264577,4529214,115003,10144832.0,0.0,1.0,2.0,0.0,0.0
2021-05-20,139560144,263604,4538909,115393,10277972.0,0.0,1.0,2.0,0.0,0.0
2021-05-21,139551333,262925,4548028,115764,10437042.0,0.0,1.0,2.0,0.0,0.0
2021-05-22,139542748,262012,4557146,116144,11093801.0,0.0,1.0,2.0,0.0,0.0
2021-05-23,139533921,263224,4564408,116497,11111844.0,0.0,1.0,2.0,0.0,0.0
2021-05-24,139525638,264758,4570842,116812,11192086.0,0.0,1.0,2.0,0.0,0.0
2021-05-25,139517876,263556,4579421,117197,11257859.0,0.0,1.0,2.0,0.0,0.0
2021-05-26,139509629,262405,4588421,117595,11452201.0,0.0,1.0,2.0,0.0,0.0
2021-05-27,139500718,261328,4598014,117990,11514143.0,0.0,1.0,2.0,0.0,0.0
2021-05-28,139491592,260796,4607276,118386,11781458.0,0.0,1.0,2.0,0.0,0.0
2021-05-29,139482437,260410,4616422,118781,11894928.0,0.0,1.0,2.0,0.0,0.0
2021-05-30,139472879,262277,4623764,119130,11921211.0,0.0,1.0,2.0,0.0,0.0
2021-05-31,139464538,263587,4630461,119464,11925267.0,0.0,1.0,2.0,0.0,0.0
2021-06-01,139455169,263742,4639309,119830,12616218.0,0.0,1.0,2.0,0.0,0.0
2021-06-02,139446467,263175,4648191,120217,12797085.0,0.0,1.0,2.0,0.0,0.0
2021-06-03,139437660,262326,4657460,120604,12865165.0,0.0,1.0,2.0,0.0,0.0
2021-06-04,139428840,262327,4665909,120974,13074949.0,0.0,1.0,2.0,0.0,0.0
2021-06-05,139419829,262484,4674372,121365,13116019.0,0.0,1.0,2.0,0.0,0.0
2021-06-06,139410804,263871,4681664,121711,13151142.0,0.0,1.0,2.0,0.0,0.0
2021-06-07,139401507,266093,4688413,122037,13376931.0,0.0,1.0,2.0,0.0,0.0
2021-06-08,139391664,266786,4697191,122409,13513629.0,0.0,1.0,2.0,0.0,0.0
2021-06-09,139381393,266984,4706871,122802,13651118.0,0.0,1.0,2.0,0.0,0.0
2021-06-10,139369833,268206,4716833,123178,13833662.0,0.0,1.0,2.0,0.0,0.0
2021-06-11,139357472,270140,4726870,123568,13992323.0,0.0,1.0,2.0,0.0,0.0
2021-06-12,139344112,273301,4736676,123961,14272158.0,0.0,1.0,2.0,0.0,0.0
2021-06-13,139329551,278429,4745756,124314,14316552.0,0.0,1.0,2.0,0.0,0.0
2021-06-14,139316001,283332,4754036,124681,14332077.0,3.0,1.0,1.0,0.0,1.0
2021-06-15,139301999,288413,4762583,125055,14356888.0,3.0,1.0,1.0,0.0,1.0
2021-06-16,139288790,291242,4772575,125443,14507281.0,3.0,1.0,1.0,0.0,1.0
2021-06-17,139274933,293602,4783662,125853,14709606.0,3.0,1.0,1.0,0.0,1.0
2021-06-18,139257882,299432,4794436,126300,14901348.0,3.0,2.0,1.0,0.0,1.0
2021-06-19,139240203,306143,4804943,126761,15210415.0,3.0,2.0,1.0,0.0,1.0
2021-06-20,139222836,314532,4813476,127206,15243990.0,3.0,2.0,1.0,0.0,1.0
2021-06-21,139205722,322879,4821808,127641,15376842.0,3.0,2.0,1.0,0.0,1.0
2021-06-22,139189284,327748,4832838,128180,15637833.0,3.0,2.0,1.0,0.0,1.0
2021-06-23,139171981,332037,4845313,128719,15653349.0,3.0,2.0,1.0,0.0,1.0
2021-06-24,139152110,338091,4858571,129278,16288230.0,3.0,2.0,1.0,0.0,1.0
2021-06-25,139132045,343725,4872411,129869,16506321.0,3.0,2.0,1.0,0.0,1.0
2021-06-26,139110733,350288,4886550,130479,16636380.0,3.0,2.0,1.0,0.0,1.0
2021-06-27,139090564,357258,4899158,131070,16825846.0,3.0,3.0,1.0,0.0,3.0
2021-06-28,139069306,365321,4911752,131671,16983015.0,3.0,3.0,1.0,0.0,3.0
2021-06-29,139049089,370465,4926182,132314,17133840.0,3.0,3.0,1.0,0.0,1.0
2021-06-30,139028456,374338,4942283,132973,17336348.0,3.0,3.0,1.0,0.0,1.0
2021-07-01,139005328,380138,4958951,133633,17523011.0,3.0,3.0,1.0,0.0,1.0
2021-07-02,138982537,384310,4976901,134302,17600153.0,3.0,3.0,1.0,0.0,1.0
2021-07-03,138958534,389986,4994543,134987,17802442.0,3.0,3.0,1.0,0.0,1.0
2021-07-04,138933841,398679,5009893,135637,17861566.0,3.0,3.0,1.0,0.0,1.0
2021-07-05,138909946,407457,5024368,136279,17899266.0,3.0,3.0,1.0,0.0,1.0
2021-07-06,138887020,411509,5042516,137005,18230974.0,0.0,3.0,1.0,0.0,1.0
2021-07-07,138863510,414497,5062325,137718,18384579.0,0.0,3.0,1.0,0.0,1.0
2021-07-08,138839149,417209,5083251,138441,18514799.0,0.0,3.0,1.0,0.0,1.0
2021-07-09,138813850,420335,5104709,139156,18727181.0,0.0,3.0,1.0,0.0,1.0
2021-07-10,138789243,426807,5122104,139896,18891256.0,0.0,3.0,1.0,0.0,1.0
2021-07-11,138764699,433463,5139253,140635,18926292.0,0.0,3.0,1.0,0.0,1.0
2021-07-12,138740050,441091,5155574,141335,19070946.0,0.0,2.0,1.0,0.0,1.0
2021-07-13,138715839,445296,5174813,142102,19264884.0,0.0,2.0,1.0,0.0,1.0
2021-07-14,138692508,447271,5195394,142877,19656642.0,0.0,2.0,1.0,0.0,1.0
2021-07-15,138667715,450347,5216331,143657,19844793.0,0.0,2.0,1.0,0.0,1.0
2021-07-16,138642527,453168,5237909,144446,20563349.0,0.0,2.0,1.0,0.0,1.0
2021-07-17,138617937,455974,5258917,145222,20596805.0,0.0,2.0,1.0,0.0,1.0
2021-07-18,138593457,461057,5277561,145975,20695960.0,0.0,2.0,1.0,0.0,1.0
2021-07-19,138569359,465755,5296250,146686,20761722.0,0.0,2.0,1.0,0.0,1.0
2021-07-20,138546125,466406,5318062,147457,21579672.0,0.0,2.0,1.0,0.0,1.0
2021-07-21,138522961,466577,5340283,148229,21793168.0,0.0,2.0,1.0,0.0,1.0
2021-07-22,138499023,467591,5362424,149012,21988951.0,0.0,2.0,1.0,0.0,1.0
2021-07-23,138475747,468157,5384350,149796,22639480.0,0.0,2.0,1.0,0.0,1.0
2021-07-24,138452352,469297,5405818,150583,22751923.0,0.0,2.0,1.0,0.0,1.0
2021-07-25,138428835,473502,5424361,151352,22838757.0,0.0,2.0,1.0,0.0,1.0
2021-07-26,138406157,479373,5440451,152069,22954538.0,0.0,2.0,1.0,0.0,1.0
2021-07-27,138383671,481611,5459932,152836,23350502.0,0.0,2.0,1.0,0.0,1.0
2021-07-28,138361801,482479,5480150,153620,23656647.0,0.0,2.0,1.0,0.0,1.0
2021-07-29,138339081,484156,5500409,154404,24061918.0,0.0,2.0,1.0,0.0,1.0
2021-07-30,138316065,486407,5520398,155180,24709475.0,0.0,2.0,1.0,0.0,1.0
2021-07-31,138292801,489510,5539787,155952,25280451.0,0.0,2.0,1.0,0.0,1.0
2021-08-01,138270537,493956,5556831,156726,25466493.0,0.0,2.0,1.0,0.0,1.0
2021-08-02,138247568,501454,5571532,157496,25553275.0,0.0,2.0,1.0,0.0,1.0
2021-08-03,138226097,503553,5590137,158263,25946109.0,0.0,2.0,1.0,0.0,1.0
2021-08-04,138204044,505292,5609682,159032,26560058.0,0.0,2.0,1.0,0.0,1.0
2021-08-05,138181480,508478,5628289,159803,26771061.0,0.0,2.0,1.0,0.0,1.0
2021-08-06,138159407,511171,5646898,160574,27040592.0,0.0,2.0,1.0,0.0,1.0
2021-08-07,138137680,513519,5665508,161343,27495250.0,0.0,2.0,1.0,0.0,1.0
2021-08-08,138115409,516413,5684119,162109,27653563.0,0.0,2.0,1.0,0.0,1.0
2021-08-09,138093855,518604,5702731,162860,27749429.0,0.0,2.0,1.0,0.0,1.0
2021-08-10,138073090,519987,5721344,163629,28384859.0,0.0,2.0,1.0,0.0,0.0
2021-08-11,138052132,521546,5739959,164413,28654757.0,0.0,2.0,1.0,0.0,0.0
2021-08-12,138030821,523453,5758575,165201,29013981.0,0.0,2.0,1.0,0.0,0.0
2021-08-13,138009160,525702,5777192,165996,30646809.0,0.0,2.0,1.0,0.0,0.0
2021-08-14,137987629,527816,5795810,166795,32251637.0,0.0,2.0,1.0,0.0,0.0
2021-08-15,137966619,529407,5814429,167595,32432870.0,0.0,2.0,1.0,0.0,0.0
2021-08-16,137946465,530151,5833050,168384,32593961.0,0.0,2.0,1.0,0.0,0.0
2021-08-17,137926116,531093,5851672,169169,32892288.0,0.0,2.0,1.0,0.0,0.0
2021-08-18,137905804,532004,5870294,169948,33167259.0,0.0,2.0,1.0,0.0,0.0
2021-08-19,137885345,533070,5888919,170716,33491307.0,0.0,2.0,1.0,0.0,0.0
2021-08-20,137864943,534083,5907544,171480,33855281.0,0.0,2.0,1.0,0.0,0.0
2021-08-21,137844529,535093,5926171,172257,34290783.0,0.0,2.0,1.0,0.0,0.0
2021-08-22,137824552,535697,5944798,173003,34521025.0,0.0,2.0,1.0,0.0,0.0
2021-08-23,137805677,535178,5963427,173768,34620579.0,2.0,1.0,2.0,0.0,0.0
2021-08-24,137787417,534034,5982057,174542,34981557.0,2.0,1.0,2.0,0.0,0.0
2021-08-25,137768445,533588,6000689,175328,35231765.0,2.0,1.0,2.0,0.0,0.0
2021-08-26,137749351,533251,6019321,176127,35447671.0,2.0,1.0,2.0,0.0,0.0
2021-08-27,137730369,532822,6037955,176904,35860254.0,2.0,1.0,2.0,0.0,0.0
2021-08-28,137711383,532398,6056590,177679,36055311.0,2.0,1.0,2.0,0.0,0.0
2021-08-29,137692585,531782,6075226,178457,36185721.0,2.0,1.0,2.0,0.0,0.0
2021-08-30,137674727,530227,6093863,179233,36352566.0,2.0,1.0,2.0,0.0,0.0
2021-08-31,137657353,528186,6112502,180009,36473336.0,0.0,2.0,2.0,0.0,1.0
2021-09-01,137639398,526729,6131142,180781,37258029.0,0.0,2.0,2.0,0.0,1.0
2021-09-02,137620807,525900,6149783,181560,37460630.0,0.0,2.0,2.0,0.0,1.0
2021-09-03,137602337,524947,6168425,182341,38017394.0,0.0,2.0,2.0,0.0,1.0
2021-09-04,137583937,523928,6187068,183117,38132101.0,0.0,2.0,2.0,0.0,1.0
2021-09-05,137565675,522766,6205713,183896,38310940.0,0.0,2.0,2.0,0.0,1.0
2021-09-06,137548188,520832,6224358,184672,38368573.0,0.0,2.0,2.0,0.0,1.0
2021-09-07,137531128,518470,6243005,185447,38776624.0,0.0,2.0,2.0,0.0,1.0
2021-09-08,137513455,516718,6261653,186224,38906232.0,0.0,2.0,2.0,0.0,1.0
2021-09-09,137495422,515326,6280303,186999,39228391.0,0.0,2.0,2.0,0.0,1.0
2021-09-10,137477414,513915,6298953,187768,39466133.0,3.0,2.0,2.0,0.0,1.0
2021-09-11,137458850,513049,6317605,188546,39589536.0,3.0,2.0,2.0,0.0,1.0
2021-09-12,137440615,511858,6336258,189319,39683652.0,3.0,2.0,2.0,0.0,1.0
2021-09-13,137422754,510353,6354912,190031,39828206.0,3.0,2.0,2.0,0.0,1.0
2021-09-14,137405225,508465,6373567,190793,39903659.0,3.0,1.0,2.0,0.0,1.0
2021-09-15,137386682,507578,6392224,191566,40136711.0,3.0,1.0,2.0,0.0,1.0
2021-09-16,137367394,507435,6410881,192340,40355473.0,3.0,1.0,2.0,0.0,1.0
2021-09-17,137347805,507594,6429540,193111,40522552.0,3.0,1.0,2.0,0.0,1.0
2021-09-18,137327806,508153,6448200,193891,40723831.0,3.0,1.0,2.0,0.0,1.0
2021-09-19,137307981,508536,6466862,194671,40925110.0,3.0,1.0,2.0,0.0,1.0
2021-09-20,137288605,508483,6485524,195438,40976870.0,3.0,1.0,2.0,0.0,1.0
2021-09-21,137269809,507818,6504188,196235,41045719.0,3.0,1.0,2.0,0.0,1.0
2021-09-22,137250501,507664,6522853,197032,41282768.0,3.0,1.0,2.0,0.0,1.0
2021-09-23,137229478,509219,6541519,197834,41421211.0,3.0,1.0,2.0,0.0,1.0
2021-09-24,137208536,510684,6560186,198644,41559654.0,3.0,1.0,2.0,0.0,1.0
2021-09-25,137186953,512793,6578854,199450,41657347.0,3.0,1.0,2.0,0.0,1.0
2021-09-26,137164938,515343,6597524,200245,41706138.0,3.0,1.0,2.0,0.0,1.0
2021-09-27,137143207,517633,6616195,201015,41801961.0,3.0,1.0,2.0,0.0,1.0
2021-09-28,137122167,519162,6634867,201854,41837546.0,3.0,1.0,2.0,0.0,0.0
2021-09-29,137100276,521534,6653540,202700,42047947.0,3.0,1.0,2.0,0.0,0.0
2021-09-30,137076946,525340,6672215,203549,42218738.0,3.0,1.0,2.0,0.0,0.0
2021-10-01,137052993,529743,6690890,204424,42323316.0,3.0,1.0,2.0,0.0,0.0
2021-10-02,137028361,534825,6709567,205297,42480477.0,3.0,1.0,2.0,0.0,0.0
2021-10-03,137003200,540426,6728245,206179,42540314.0,3.0,1.0,2.0,0.0,0.0
2021-10-04,136978050,546020,6746924,207056,42588739.0,3.0,1.0,2.0,0.0,0.0
2021-10-05,136953585,550928,6765605,207932,42761670.0,3.0,1.0,2.0,0.0,0.0
2021-10-06,136929106,555815,6784287,208842,43301448.0,3.0,1.0,2.0,0.0,0.0
2021-10-07,136902225,563104,6802969,209752,44750694.0,3.0,1.0,2.0,0.0,0.0
2021-10-08,136875664,570060,6821653,210673,44879384.0,3.0,1.0,2.0,0.0,0.0
2021-10-09,136847016,579068,6840339,211627,44935954.0,3.0,1.0,2.0,0.0,0.0
2021-10-10,136819127,587322,6859025,212576,45028633.0,3.0,1.0,2.0,0.0,0.0
2021-10-11,136790491,596324,6877713,213522,45099730.0,3.0,1.0,2.0,0.0,0.0
2021-10-12,136763077,604096,6896401,214476,45106249.0,3.0,1.0,2.0,0.0,0.0
2021-10-13,136735151,612370,6915091,215438,45312000.0,3.0,1.0,2.0,0.0,0.0
2021-10-14,136704662,623202,6933783,216403,45363986.0,3.0,1.0,2.0,0.0,0.0
2021-10-15,136673300,634893,6952475,217382,45702564.0,3.0,1.0,2.0,0.0,1.0
2021-10-16,136640949,647570,6971169,218362,45812099.0,3.0,1.0,2.0,0.0,1.0
2021-10-17,136607521,661323,6989864,219342,45921633.0,3.0,1.0,2.0,0.0,1.0
2021-10-18,136574087,675080,7008560,220323,46031168.0,3.0,1.0,2.0,0.0,1.0
2021-10-19,136541252,688227,7027257,221314,46140703.0,3.0,1.0,2.0,0.0,1.0
2021-10-20,136508090,701685,7045955,222320,46250237.0,3.0,1.0,2.0,0.0,1.0
2021-10-21,136472674,717390,7064655,223331,46359772.0,3.0,1.0,2.0,0.0,1.0
2021-10-22,136436469,733856,7083356,224369,46469307.0,3.0,1.0,2.0,0.0,1.0
2021-10-23,136399741,750834,7102058,225417,46578842.0,3.0,1.0,2.0,0.0,1.0
2021-10-24,136365051,765774,7120761,226464,46688376.0,3.0,1.0,2.0,0.0,1.0
2021-10-25,136328104,782975,7139465,227506,46797911.0,3.0,1.0,2.0,0.0,1.0
2021-10-26,136292650,798648,7158171,228581,46907446.0,3.0,1.0,2.0,0.0,1.0
2021-10-27,136257075,814426,7176877,229672,47016980.0,3.0,1.0,2.0,0.0,1.0
2021-10-28,136218005,833674,7195585,230786,47126515.0,3.0,3.0,2.0,0.0,1.0
2021-10-29,136179200,852624,7214295,231931,47235849.0,3.0,3.0,2.0,0.0,1.0
2021-10-30,136139997,871985,7233005,233063,47459477.0,3.0,3.0,2.0,0.0,1.0
2021-10-31,136100066,892073,7251717,234194,47601622.0,3.0,3.0,2.0,0.0,1.0
2021-11-01,136060745,911558,7270429,235318,47683391.0,3.0,3.0,2.0,0.0,1.0
2021-11-02,136022818,929627,7289143,236462,47945546.0,3.0,3.0,2.0,0.0,1.0
2021-11-03,135983461,949111,7307859,237619,48204924.0,3.0,3.0,2.0,0.0,1.0
2021-11-04,135944344,968347,7326575,238784,49316326.0,3.0,3.0,2.0,0.0,1.0
2021-11-05,135904727,988088,7345292,239943,49402417.0,3.0,3.0,2.0,0.0,1.0
2021-11-06,135864517,1008427,7364011,241095,49488507.0,3.0,3.0,2.0,0.0,1.0
2021-11-07,135826489,1026589,7382731,242241,49574598.0,3.0,1.0,2.0,0.0,1.0
2021-11-08,135788232,1044961,7401452,243405,49639427.0,0.0,1.0,1.0,0.0,1.0
2021-11-09,135750233,1063054,7420175,244588,49936526.0,0.0,1.0,1.0,0.0,1.0
2021-11-10,135713337,1080021,7438898,245794,50121433.0,0.0,1.0,1.0,0.0,1.0
2021-11-11,135673753,1099674,7457623,247000,50430347.0,0.0,1.0,1.0,0.0,1.0
2021-11-12,135634812,1118686,7476349,248203,50587097.0,0.0,1.0,1.0,0.0,1.0
2021-11-13,135596744,1136815,7495076,249415,50991092.0,0.0,1.0,1.0,0.0,1.0
2021-11-14,135559124,1154513,7513804,250609,51188082.0,0.0,1.0,1.0,0.0,1.0
2021-11-15,135521914,1171806,7532534,251796,51370215.0,0.0,1.0,1.0,0.0,1.0
2021-11-16,135486302,1187474,7551265,253009,51719392.0,0.0,1.0,1.0,0.0,1.0
2021-11-17,135450887,1202937,7569997,254229,52233646.0,0.0,1.0,1.0,0.0,3.0
2021-11-18,135414732,1219140,7588730,255448,52506988.0,0.0,1.0,1.0,0.0,3.0
2021-11-19,135378797,1235120,7607464,256669,52824805.0,2.0,2.0,2.0,0.0,3.0
2021-11-20,135342901,1251058,7626200,257891,53578117.0,2.0,2.0,2.0,0.0,3.0
2021-11-21,135307152,1266855,7644936,259107,53765484.0,2.0,2.0,2.0,0.0,3.0
2021-11-22,135272619,1281438,7663674,260319,53952851.0,2.0,2.0,2.0,0.0,3.0
2021-11-23,135239720,1294391,7682413,261526,54086860.0,2.0,2.0,2.0,0.0,3.0
2021-11-24,135207165,1306998,7701154,262733,54621506.0,2.0,2.0,2.0,0.0,3.0
2021-11-25,135174299,1319922,7719895,263934,54934982.0,2.0,2.0,2.0,0.0,3.0
2021-11-26,135140475,1333803,7738638,265134,55492951.0,2.0,2.0,2.0,0.0,3.0
2021-11-27,135107356,1346975,7757382,266337,55964877.0,2.0,2.0,2.0,0.0,3.0
2021-11-28,135074570,1359826,7776127,267527,56115075.0,2.0,2.0,2.0,0.0,3.0
2021-11-29,135041400,1373072,7794873,268705,56353454.0,2.0,2.0,2.0,0.0,3.0
2021-11-30,135009410,1385119,7813621,269900,56681192.0,2.0,2.0,2.0,0.0,3.0
2021-12-01,134977214,1397376,7832369,271091,57037594.0,2.0,2.0,2.0,0.0,3.0
2021-12-02,134944457,1410195,7851119,272279,57592114.0,2.0,2.0,2.0,0.0,3.0
2021-12-03,134912141,1422576,7869870,273463,57873182.0,2.0,2.0,2.0,0.0,3.0
2021-12-04,134879767,1435012,7888623,274648,58480065.0,2.0,2.0,1.0,0.0,2.0
2021-12-05,134847754,1447096,7907376,275824,58695024.0,2.0,2.0,1.0,0.0,2.0
2021-12-06,134816185,1458755,7926131,276979,58798583.0,2.0,1.0,1.0,0.0,2.0
2021-12-07,134785639,1469393,7944887,278131,59156207.0,2.0,1.0,1.0,0.0,2.0
2021-12-08,134755411,1479715,7963644,279280,59561710.0,2.0,1.0,1.0,0.0,2.0
2021-12-09,134725710,1489511,7982402,280427,59977765.0,2.0,1.0,1.0,0.0,2.0
2021-12-10,134695327,1499991,8001161,281571,60157863.0,2.0,1.0,1.0,0.0,2.0
2021-12-11,134665512,1509903,8019922,282713,60962126.0,2.0,2.0,1.0,0.0,2.0
2021-12-12,134636029,1519522,8038684,283815,61370296.0,2.0,2.0,1.0,0.0,2.0
2021-12-13,134606821,1528873,8057447,284909,61430028.0,2.0,2.0,1.0,0.0,2.0
2021-12-14,134578911,1536905,8076211,286023,61831699.0,2.0,2.0,1.0,0.0,2.0
2021-12-15,134550900,1545038,8094977,287135,62023593.0,2.0,2.0,1.0,0.0,2.0
2021-12-16,134522742,1553325,8113743,288240,62075414.0,2.0,2.0,1.0,0.0,2.0
2021-12-17,134495315,1560932,8132511,289292,62751255.0,2.0,2.0,1.0,0.0,2.0
2021-12-18,134468184,1568246,8151280,290340,63253115.0,2.0,2.0,1.0,0.0,2.0
2021-12-19,134440504,1576159,8170051,291336,63592062.0,2.0,2.0,1.0,0.0,2.0
2021-12-20,134413760,1583137,8188822,292331,63708591.0,2.0,2.0,1.0,0.0,2.0
2021-12-21,134388105,1589021,8207595,293329,64538849.0,2.0,2.0,1.0,0.0,2.0
2021-12-22,134363067,1594293,8226368,294322,64558041.0,2.0,2.0,1.0,0.0,2.0
2021-12-23,134337621,1599989,8245144,295296,64895689.0,2.0,2.0,1.0,0.0,2.0
2021-12-24,134313099,1604763,8263920,296268,65085102.0,2.0,2.0,1.0,0.0,2.0
2021-12-25,134288328,1609802,8282697,297223,65432375.0,2.0,2.0,1.0,0.0,2.0
2021-12-26,134264785,1613624,8301476,298165,65465223.0,2.0,2.0,1.0,0.0,2.0
2021-12-27,134241749,1616968,8320256,299077,65498071.0,2.0,2.0,1.0,0.0,2.0
2021-12-28,134219998,1619032,8339037,299983,65843137.0,2.0,2.0,1.0,0.0,2.0
2021-12-29,134199041,1620304,8357819,300886,66680739.0,2.0,2.0,1.0,0.0,2.0
2021-12-30,134178127,1621530,8376602,301791,66727090.0,2.0,2.0,1.0,0.0,2.0
2021-12-31,134157645,1622347,8395387,302671,66773441.0,2.0,2.0,1.0,0.0,2.0
2022-01-01,134138039,1622342,8414173,303496,67008180.0,2.0,2.0,1.0,0.0,2.0
2022-01-02,134119951,1620855,8432960,304284,67011244.0,2.0,2.0,1.0,0.0,2.0
2022-01-03,134103758,1617448,8451748,305096,67014307.0,2.0,2.0,1.0,0.0,2.0
2022-01-04,134087998,1613609,8470537,305906,67017371.0,2.0,2.0,1.0,0.0,2.0
2022-01-05,134072366,1609646,8489328,306710,67020434.0,2.0,2.0,1.0,0.0,2.0
2022-01-06,134057187,1605255,8508120,307488,67023498.0,2.0,2.0,1.0,0.0,2.0
2022-01-07,134040579,1602300,8526913,308258,67136162.0,0.0,2.0,1.0,0.0,2.0
2022-01-08,134024155,1599147,8545707,309041,67159901.0,0.0,2.0,1.0,0.0,2.0
2022-01-09,134008044,1595717,8564502,309787,67260462.0,0.0,2.0,1.0,0.0,2.0
2022-01-10,133992345,1591893,8583299,310513,67395835.0,0.0,2.0,1.0,0.0,2.0
2022-01-11,133974949,1589723,8602097,311281,67724622.0,0.0,2.0,1.0,0.0,2.0
2022-01-12,133957152,1587992,8620896,312010,68017120.0,0.0,2.0,1.0,0.0,2.0
2022-01-13,133936180,1589441,8639696,312733,68581024.0,0.0,2.0,1.0,0.0,2.0
2022-01-14,133912566,1593529,8658497,313458,68599074.0,0.0,2.0,1.0,0.0,2.0
2022-01-15,133885617,1600967,8677300,314166,68617125.0,0.0,2.0,1.0,0.0,2.0
2022-01-16,133856640,1610468,8696104,314838,68711859.0,0.0,2.0,1.0,0.0,2.0
2022-01-17,133826183,1621463,8714909,315495,68740053.0,0.0,2.0,1.0,0.0,2.0
2022-01-18,133795224,1632943,8733715,316168,68958555.0,0.0,2.0,1.0,0.0,2.0
2022-01-19,133761653,1647023,8752522,316852,68982241.0,0.0,2.0,1.0,0.0,2.0
2022-01-20,133723145,1666051,8771331,317523,69005926.0,0.0,2.0,1.0,0.0,2.0
2022-01-21,133674018,1695691,8790141,318200,69029612.0,0.0,2.0,1.0,0.0,2.0
2022-01-22,133617251,1732979,8808951,318869,69301031.0,0.0,2.0,1.0,0.0,2.0
2022-01-23,133554556,1776194,8827764,319536,69307145.0,0.0,2.0,1.0,0.0,2.0
2022-01-24,133490023,1821272,8846577,320178,69342920.0,0.0,2.0,1.0,0.0,2.0
2022-01-25,133422804,1869010,8865392,320844,69378694.0,0.0,2.0,1.0,0.0,2.0
2022-01-26,133348732,1923627,8884207,321484,69414469.0,0.0,2.0,1.0,0.0,2.0
2022-01-27,133260627,1992264,8903024,322135,69460098.0,0.0,2.0,1.0,0.0,2.0
2022-01-28,133163343,2070069,8921842,322796,69505726.0,0.0,2.0,1.0,0.0,2.0
2022-01-29,133051041,2162895,8940662,323452,69581579.0,0.0,2.0,1.0,0.0,2.0
2022-01-30,132930717,2263791,8959482,324060,69704859.0,0.0,2.0,1.0,0.0,2.0
2022-01-31,132807684,2367390,8978304,324672,69815128.0,0.0,2.0,1.0,0.0,2.0
2022-02-01,132682991,2472611,8997127,325321,69967776.0,0.0,2.0,1.0,0.0,2.0
2022-02-02,132541986,2594127,9015951,325986,70013431.0,0.0,2.0,1.0,0.0,2.0
2022-02-03,132387343,2729289,9034776,326642,70080049.0,0.0,2.0,1.0,0.0,2.0
2022-02-04,132220386,2876751,9053603,327310,70232028.0,0.0,2.0,1.0,0.0,2.0
2022-02-05,132044407,3033198,9072431,328014,70315750.0,0.0,2.0,1.0,0.0,2.0
2022-02-06,131865791,3192335,9091260,328664,70324784.0,0.0,2.0,1.0,0.0,2.0
2022-02-07,131695259,3343437,9110090,329264,70341815.0,0.0,2.0,1.0,0.0,2.0
2022-02-08,131531162,3488016,9128921,329951,70581582.0,0.0,2.0,1.0,0.0,2.0
2022-02-09,131349371,3650316,9147754,330609,70701843.0,0.0,2.0,1.0,0.0,2.0
2022-02-10,131154078,3826085,9166587,331300,70706458.0,0.0,2.0,1.0,0.0,2.0
2022-02-11,130951867,4008751,9185422,332010,70711072.0,0.0,2.0,1.0,0.0,2.0
2022-02-12,130749912,4191153,9204258,332727,70894990.0,0.0,2.0,1.0,0.0,2.0
2022-02-13,130554099,4367434,9223096,333421,70976666.0,0.0,2.0,1.0,0.0,2.0
2022-02-14,130375314,4526709,9241934,334093,71207119.0,0.0,2.0,1.0,0.0,2.0
2022-02-15,130210175,4672316,9260774,334785,71317632.0,0.0,2.0,1.0,0.0,2.0
2022-02-16,130032352,4830562,9279615,335521,71431686.0,0.0,2.0,1.0,0.0,2.0
2022-02-17,129853627,4989667,9298457,336299,71601909.0,0.0,2.0,1.0,0.0,2.0
2022-02-18,129675611,5148065,9317300,337074,71628725.0,0.0,2.0,1.0,0.0,2.0
2022-02-19,129498687,5305358,9336145,337860,71655542.0,0.0,2.0,1.0,0.0,2.0
2022-02-20,129330288,5454177,9354990,338595,71682358.0,0.0,2.0,1.0,0.0,2.0
2022-02-21,129180422,5584472,9373837,339319,71709175.0,0.0,2.0,1.0,0.0,2.0
2022-02-22,129047510,5697754,9392685,340101,71735991.0,0.0,2.0,1.0,0.0,2.0
2022-02-23,128911625,5814018,9411535,340872,71762808.0,0.0,2.0,1.0,0.0,2.0
2022-02-24,128780376,5925665,9430385,341624,71789624.0,0.0,2.0,1.0,0.0,2.0
2022-02-25,128658456,6027960,9449237,342397,71816440.0,0.0,2.0,1.0,0.0,2.0
2022-02-26,128536809,6129973,9468090,343178,71843257.0,0.0,2.0,1.0,0.0,2.0
2022-02-27,128422199,6224973,9486944,343934,71870073.0,0.0,2.0,1.0,0.0,2.0
2022-02-28,128316454,6311142,9505799,344655,71896890.0,0.0,2.0,1.0,0.0,2.0
2022-03-01,128220362,6387606,9524655,345427,71923706.0,0.0,2.0,1.0,0.0,2.0
2022-03-02,128124182,6464158,9543513,346197,71950523.0,0.0,2.0,1.0,0.0,2.0
2022-03-03,128032248,6536463,9562372,346967,71977339.0,0.0,2.0,1.0,0.0,2.0
2022-03-04,127944118,6604970,9581232,347730,72040839.0,0.0,2.0,1.0,0.0,2.0
2022-03-05,127858543,6670947,9600093,348467,72101180.0,0.0,2.0,1.0,0.0,2.0
2022-03-06,127779911,6729987,9618956,349196,72122031.0,0.0,2.0,1.0,0.0,2.0
2022-03-07,127707775,6782603,9637819,349853,72124064.0,0.0,2.0,1.0,0.0,2.0
2022-03-08,127642206,6828670,9656684,350490,72133819.0,0.0,2.0,1.0,0.0,2.0
2022-03-09,127584419,6866957,9675550,351124,72143574.0,0.0,2.0,1.0,0.0,2.0
2022-03-10,127534135,6897722,9694417,351776,72183240.0,0.0,2.0,1.0,0.0,2.0
2022-03-11,127484425,6927902,9713286,352437,72208894.0,0.0,2.0,1.0,0.0,2.0
2022-03-12,127437329,6955511,9732156,353054,72209922.0,0.0,2.0,1.0,0.0,2.0
2022-03-13,127393378,6980011,9751026,353635,72223190.0,0.0,2.0,1.0,0.0,2.0
2022-03-14,127353258,7000737,9769898,354157,72236457.0,0.0,2.0,1.0,0.0,2.0
2022-03-15,127317178,7017398,9788772,354702,72312244.0,0.0,2.0,1.0,0.0,2.0
2022-03-16,127281209,7033928,9807646,355267,72323725.0,0.0,2.0,1.0,0.0,2.0
2022-03-17,127247037,7048675,9826522,355816,72324976.0,0.0,2.0,1.0,0.0,2.0
2022-03-18,127213222,7063103,9845398,356327,72324976.0,0.0,2.0,1.0,0.0,2.0
2022-03-19,127180869,7076093,9864276,356812,72324976.0,0.0,2.0,1.0,0.0,2.0
2022-03-20,127150356,7087304,9883156,357234,72387464.0,0.0,2.0,1.0,0.0,2.0
2022-03-21,127122014,7096366,9902036,357634,72400656.0,0.0,2.0,1.0,0.0,2.0
2022-03-22,127095999,7103040,9920918,358093,72501076.0,0.0,2.0,1.0,0.0,2.0
2022-03-23,127069575,7110164,9939801,358510,72548414.0,0.0,2.0,1.0,0.0,2.0
2022-03-24,127044657,7115789,9958685,358919,72707136.0,0.0,2.0,1.0,0.0,2.0
2022-03-25,127019775,7121398,9977570,359307,72712682.0,0.0,2.0,1.0,0.0,2.0
2022-03-26,126996251,7125650,9996456,359693,72793010.0,0.0,2.0,1.0,0.0,2.0
2022-03-27,126973513,7129172,10015344,360021,72800841.0,0.0,2.0,1.0,0.0,2.0
2022-03-28,126952866,7130604,10034233,360347,72808825.0,0.0,2.0,1.0,0.0,2.0
2022-03-29,126933631,7130622,10053123,360674,72841232.0,0.0,2.0,1.0,0.0,2.0
2022-03-30,126913864,7131158,10072014,361014,72847646.0,0.0,2.0,1.0,0.0,2.0
2022-03-31,126894939,7130857,10090906,361348,72860875.0,0.0,2.0,1.0,0.0,2.0
2022-04-01,126876143,7130428,10109800,361679,72874104.0,0.0,2.0,1.0,0.0,2.0
2022-04-02,126858529,7128819,10128694,362008,72887332.0,0.0,2.0,1.0,0.0,2.0
2022-04-03,126842031,7126125,10147590,362304,72900561.0,0.0,2.0,1.0,0.0,2.0
2022-04-04,126827002,7121979,10166488,362581,72913790.0,0.0,2.0,1.0,0.0,2.0
2022-04-05,126813260,7116514,10185386,362890,72956211.0,0.0,2.0,1.0,0.0,2.0
2022-04-06,126798750,7111839,10204286,363175,72962490.0,0.0,2.0,1.0,0.0,2.0
2022-04-07,126784582,7106827,10223186,363455,73011036.0,0.0,2.0,1.0,0.0,2.0
2022-04-08,126770459,7101772,10242088,363731,73011036.0,0.0,2.0,1.0,0.0,2.0
2022-04-09,126757073,7095974,10260992,364011,73020558.0,0.0,2.0,1.0,0.0,2.0
2022-04-10,126744241,7089648,10279896,364265,73030080.0,0.0,2.0,1.0,0.0,2.0
2022-04-11,126732597,7082146,10298801,364506,73039602.0,0.0,2.0,1.0,0.0,2.0
2022-04-12,126721867,7073696,10317708,364779,73062604.0,0.0,2.0,1.0,0.0,2.0
2022-04-13,126710290,7066106,10336616,365038,73085606.0,0.0,2.0,1.0,0.0,2.0
2022-04-14,126699122,7058118,10355525,365285,73170842.0,0.0,2.0,1.0,0.0,2.0
2022-04-15,126687839,7050235,10374436,365540,73179137.0,0.0,2.0,1.0,0.0,2.0
2022-04-16,126676947,7041982,10393347,365774,73187469.0,0.0,2.0,1.0,0.0,2.0
2022-04-17,126666851,7032938,10412260,366001,73195800.0,0.0,2.0,1.0,0.0,2.0
2022-04-18,126657564,7023103,10431174,366209,73204132.0,0.0,2.0,1.0,0.0,2.0
2022-04-19,126649041,7012484,10450089,366436,73219073.0,0.0,2.0,1.0,0.0,2.0
2022-04-20,126639963,7002428,10469005,366654,73239049.0,0.0,2.0,1.0,0.0,2.0
2022-04-21,126631232,6992050,10487923,366845,73278756.0,0.0,2.0,1.0,0.0,2.0
2022-04-22,126622389,6981783,10506842,367036,73293254.0,0.0,2.0,1.0,0.0,2.0
2022-04-23,126613718,6971367,10525762,367203,73346336.0,0.0,2.0,1.0,0.0,2.0
2022-04-24,126605425,6960576,10544683,367366,73399417.0,0.0,2.0,1.0,0.0,2.0
2022-04-25,126597896,6949028,10563605,367521,73452498.0,0.0,2.0,1.0,0.0,2.0
2022-04-26,126590898,6936931,10582529,367692,73505580.0,0.0,2.0,1.0,0.0,2.0
2022-04-27,126583263,6925484,10601453,367850,73526701.0,0.0,2.0,1.0,0.0,2.0
2022-04-28,126575716,6913944,10620379,368011,73547822.0,0.0,2.0,1.0,0.0,2.0
2022-04-29,126568126,6902452,10639306,368166,73574648.0,0.0,2.0,1.0,0.0,2.0
2022-04-30,126560859,6890637,10658235,368319,73576259.0,0.0,2.0,1.0,0.0,2.0
2022-05-01,126553905,6878518,10677164,368463,73576666.0,0.0,2.0,1.0,0.0,2.0
2022-05-02,126547783,6865577,10696095,368595,73577072.0,0.0,2.0,1.0,0.0,2.0
2022-05-03,126542409,6851898,10715027,368716,73577479.0,0.0,1.0,0.0,0.0,1.0
2022-05-04,126537385,6837865,10733960,368840,73577885.0,0.0,1.0,0.0,0.0,1.0
2022-05-05,126532433,6823749,10752894,368974,73578292.0,0.0,1.0,0.0,0.0,1.0
2022-05-06,126526985,6810129,10771830,369106,73578698.0,0.0,1.0,0.0,0.0,1.0
2022-05-07,126521578,6796470,10790766,369236,73579105.0,0.0,1.0,0.0,0.0,1.0
2022-05-08,126516213,6782783,10809704,369350,73579511.0,0.0,1.0,0.0,0.0,1.0
2022-05-09,126511277,6768679,10828643,369451,73579918.0,0.0,1.0,0.0,0.0,1.0
2022-05-10,126506843,6754075,10847584,369548,73580324.0,0.0,1.0,0.0,0.0,1.0
2022-05-11,126502807,6739074,10866525,369644,73580731.0,0.0,1.0,0.0,0.0,1.0
2022-05-12,126498778,6724052,10885468,369752,73581137.0,0.0,1.0,0.0,0.0,1.0
2022-05-13,126493946,6709837,10904412,369855,73581544.0,0.0,1.0,0.0,0.0,1.0
2022-05-14,126488985,6695747,10923357,369961,73581950.0,0.0,1.0,0.0,0.0,1.0
2022-05-15,126484098,6681592,10942303,370057,73582357.0,0.0,1.0,0.0,0.0,1.0
2022-05-16,126479612,6667043,10961250,370145,73582763.0,0.0,1.0,0.0,0.0,1.0
2022-05-17,126475557,6652042,10980199,370252,73583170.0,0.0,1.0,0.0,0.0,1.0
2022-05-18,126470881,6637666,10999149,370354,73583576.0,0.0,1.0,0.0,0.0,1.0
2022-05-19,126466031,6623470,11018100,370449,73583983.0,0.0,1.0,0.0,0.0,1.0
2022-05-20,126461011,6609445,11037052,370542,73583983.0,0.0,1.0,0.0,0.0,1.0
2022-05-21,126456049,6595353,11056006,370642,73583983.0,0.0,1.0,0.0,0.0,1.0
2022-05-22,126451422,6580947,11074960,370721,73586725.0,0.0,1.0,0.0,0.0,1.0
2022-05-23,126447331,6566008,11093916,370795,73589466.0,0.0,1.0,0.0,0.0,1.0
2022-05-24,126443627,6550668,11112873,370882,73592208.0,0.0,1.0,0.0,0.0,1.0
2022-05-25,126439130,6536116,11131832,370972,73680792.0,0.0,1.0,0.0,0.0,1.0
2022-05-26,126434511,6521687,11150791,371061,73680792.0,0.0,1.0,0.0,0.0,1.0
2022-05-27,126429965,6507192,11169752,371141,73682537.0,0.0,1.0,0.0,0.0,1.0
2022-05-28,126425506,6492608,11188713,371223,73682537.0,0.0,1.0,0.0,0.0,1.0
2022-05-29,126421388,6477679,11207677,371306,73682537.0,0.0,1.0,0.0,0.0,1.0
2022-05-30,126417645,6462386,11226641,371378,73821380.0,0.0,1.0,0.0,0.0,1.0
2022-05-31,126414170,6446810,11245606,371464,73960224.0,0.0,1.0,0.0,0.0,1.0
2022-06-01,126410073,6431858,11264573,371546,73974471.0,0.0,1.0,0.0,0.0,1.0
2022-06-02,126405877,6417004,11283541,371628,73988718.0,0.0,1.0,0.0,0.0,1.0
2022-06-03,126401764,6402073,11302510,371703,73993693.0,0.0,1.0,0.0,0.0,1.0
2022-06-04,126397773,6387016,11321480,371781,73998668.0,0.0,1.0,0.0,0.0,1.0
2022-06-05,126394066,6371679,11340451,371854,73998668.0,0.0,1.0,0.0,0.0,1.0
2022-06-06,126390785,6355926,11359424,371915,73998668.0,0.0,1.0,0.0,0.0,1.0
2022-06-07,126387591,6340075,11378398,371986,73998668.0,0.0,1.0,0.0,0.0,1.0
2022-06-08,126383996,6324619,11397373,372062,73998668.0,0.0,1.0,0.0,0.0,1.0
2022-06-09,126380283,6309282,11416349,372136,73998668.0,0.0,1.0,0.0,0.0,1.0
2022-06-10,126376678,6293841,11435326,372205,73998668.0,0.0,1.0,0.0,0.0,1.0
2022-06-11,126373106,6278363,11454305,372276,73998668.0,0.0,1.0,0.0,0.0,1.0
2022-06-12,126369765,6262662,11473285,372338,74003641.0,0.0,1.0,0.0,0.0,1.0
2022-06-13,126366810,6246582,11492266,372392,74043664.0,0.0,1.0,0.0,0.0,1.0
2022-06-14,126364061,6230289,11511248,372452,74083688.0,0.0,1.0,0.0,0.0,1.0
2022-06-15,126361378,6213926,11530231,372515,74123711.0,0.0,1.0,0.0,0.0,1.0
2022-06-16,126358116,6198139,11549216,372579,74163735.0,0.0,1.0,0.0,0.0,1.0
2022-06-17,126354793,6182413,11568202,372642,74203758.0,0.0,1.0,0.0,0.0,1.0
2022-06-18,126351474,6166680,11587189,372707,74284589.0,0.0,1.0,0.0,0.0,1.0
2022-06-19,126348425,6150679,11606177,372769,74293417.0,0.0,1.0,0.0,0.0,1.0
2022-06-20,126345789,6134274,11625166,372821,74302244.0,0.0,1.0,0.0,0.0,1.0
2022-06-21,126343315,6117698,11644157,372880,74311072.0,0.0,1.0,0.0,0.0,1.0
2022-06-22,126340291,6101667,11663149,372943,74311072.0,0.0,1.0,0.0,0.0,1.0
2022-06-23,126337157,6085741,11682142,373010,74320106.0,0.0,1.0,0.0,0.0,1.0
2022-06-24,126334043,6069796,11701136,373075,74329141.0,0.0,1.0,0.0,0.0,1.0
2022-06-25,126331006,6053779,11720131,373134,74433424.0,0.0,1.0,0.0,0.0,1.0
2022-06-26,126328040,6037693,11739128,373189,74537708.0,0.0,1.0,0.0,0.0,1.0
2022-06-27,126325398,6021286,11758126,373240,74641991.0,0.0,1.0,0.0,0.0,1.0
2022-06-28,126322885,6004744,11777124,373297,74657676.0,0.0,1.0,0.0,0.0,0.0
2022-06-29,126319887,5988689,11796125,373349,74673362.0,0.0,1.0,0.0,0.0,0.0
2022-06-30,126316812,5972708,11815126,373404,74678336.0,0.0,1.0,0.0,0.0,0.0
2022-07-01,126313702,5956763,11834129,373456,74683310.0,0.0,1.0,0.0,0.0,0.0
2022-07-02,126310447,5940966,11853132,373505,74688285.0,0.0,1.0,0.0,0.0,0.0
2022-07-03,126307394,5924967,11872137,373552,74693259.0,0.0,1.0,0.0,0.0,0.0
2022-07-04,126304570,5908742,11891143,373595,74698233.0,0.0,1.0,0.0,0.0,0.0
2022-07-05,126301918,5892341,11910151,373640,74701574.0,0.0,1.0,0.0,0.0,0.0
2022-07-06,126298796,5876412,11929159,373683,74704915.0,0.0,1.0,0.0,0.0,0.0
2022-07-07,126295472,5860677,11948169,373732,74708256.0,0.0,1.0,0.0,0.0,0.0
2022-07-08,126292055,5845036,11967180,373779,74711597.0,0.0,1.0,0.0,0.0,0.0
2022-07-09,126288551,5829486,11986192,373821,74714938.0,0.0,1.0,0.0,0.0,0.0
2022-07-10,126285187,5813799,12005205,373859,74718279.0,0.0,1.0,0.0,0.0,0.0
2022-07-11,126282126,5797808,12024220,373896,74750729.0,0.0,1.0,0.0,0.0,0.0
2022-07-12,126279160,5781712,12043236,373942,74755921.0,0.0,1.0,0.0,0.0,0.0
2022-07-13,126275265,5766549,12062253,373983,74761112.0,0.0,1.0,2.0,0.0,0.0
2022-07-14,126271068,5751687,12081271,374024,74766304.0,0.0,1.0,2.0,0.0,0.0
2022-07-15,126266667,5737031,12100290,374062,74771496.0,0.0,1.0,2.0,0.0,0.0
2022-07-16,126262024,5722613,12119311,374102,74776688.0,0.0,1.0,2.0,0.0,0.0
2022-07-17,126257417,5708154,12138332,374147,74781879.0,0.0,1.0,2.0,0.0,0.0
2022-07-18,126252948,5693565,12157355,374182,74787071.0,0.0,1.0,2.0,0.0,0.0
2022-07-19,126248811,5678637,12176379,374223,74957786.0,0.0,1.0,2.0,0.0,0.0
2022-07-20,126243180,5665206,12195405,374259,74960182.0,0.0,1.0,2.0,0.0,0.0
2022-07-21,126236866,5652455,12214431,374298,74962578.0,0.0,1.0,2.0,0.0,0.0
2022-07-22,126230280,5639973,12233459,374338,74964974.0,0.0,1.0,2.0,0.0,0.0
2022-07-23,126223406,5627782,12252488,374374,74967370.0,0.0,1.0,2.0,0.0,0.0
2022-07-24,126215962,5616159,12271518,374411,74969766.0,0.0,1.0,2.0,0.0,0.0
2022-07-25,126209480,5603577,12290549,374444,74992256.0,0.0,1.0,2.0,0.0,0.0
2022-07-26,126203376,5590602,12309582,374490,75014747.0,0.0,1.0,2.0,0.0,0.0
2022-07-27,126194422,5580490,12328615,374523,75041866.0,0.0,1.0,2.0,0.0,0.0
2022-07-28,126183015,5572822,12347650,374563,75042904.0,0.0,1.0,2.0,0.0,0.0
2022-07-29,126171724,5565038,12366686,374602,75043942.0,0.0,1.0,2.0,0.0,0.0
2022-07-30,126159605,5558076,12385724,374645,75044980.0,0.0,1.0,2.0,0.0,0.0
2022-07-31,126147264,5551341,12404762,374683,75046017.0,0.0,1.0,2.0,0.0,0.0
2022-08-01,126136591,5542938,12423802,374719,75047055.0,0.0,1.0,2.0,0.0,0.0
2022-08-02,126127186,5533256,12442843,374765,75048093.0,0.0,1.0,2.0,0.0,0.0
2022-08-03,126112702,5528656,12461885,374807,75102466.0,0.0,1.0,2.0,0.0,0.0
2022-08-04,126095772,5526501,12480928,374849,75156838.0,0.0,1.0,2.0,0.0,0.0
2022-08-05,126077457,5525726,12499972,374895,75211211.0,0.0,1.0,2.0,0.0,0.0
2022-08-06,126057762,5526330,12519018,374940,75221716.0,0.0,1.0,2.0,0.0,0.0
2022-08-07,126037736,5527266,12538065,374983,75232220.0,0.0,1.0,2.0,0.0,0.0
2022-08-08,126020158,5525752,12557113,375027,75242725.0,0.0,1.0,2.0,0.0,0.0
2022-08-09,126004110,5522693,12576162,375085,75242821.0,0.0,1.0,2.0,0.0,0.0
2022-08-10,125980561,5527136,12595213,375140,75250305.0,0.0,1.0,2.0,0.0,0.0
2022-08-11,125955022,5533572,12614264,375192,75265099.0,0.0,1.0,2.0,0.0,0.0
2022-08-12,125927528,5541957,12633317,375248,75279894.0,0.0,1.0,2.0,0.0,0.0
2022-08-13,125899319,5551054,12652371,375306,75294688.0,0.0,1.0,2.0,0.0,0.0
2022-08-14,125870766,5560498,12671426,375360,75309482.0,0.0,1.0,2.0,0.0,0.0
2022-08-15,125845885,5566269,12690483,375413,75317236.0,0.0,1.0,2.0,0.0,0.0
2022-08-16,125822396,5570643,12709541,375470,75324990.0,0.0,1.0,2.0,0.0,0.0
2022-08-17,125789634,5584285,12728599,375532,75332743.0,0.0,1.0,2.0,0.0,0.0
2022-08-18,125754319,5600478,12747659,375594,75340497.0,0.0,1.0,2.0,0.0,0.0
2022-08-19,125717288,5618383,12766721,375658,75348251.0,0.0,1.0,2.0,0.0,0.0
2022-08-20,125677870,5638672,12785783,375725,75419786.0,0.0,1.0,2.0,0.0,0.0
2022-08-21,125638818,5658597,12804847,375788,75491322.0,0.0,1.0,2.0,0.0,0.0
2022-08-22,125606349,5671945,12823911,375845,75562857.0,0.0,1.0,2.0,0.0,0.0
2022-08-23,125575922,5683239,12842977,375912,75579328.0,0.0,1.0,2.0,0.0,0.0
2022-08-24,125536233,5703789,12862045,375983,75595800.0,0.0,1.0,2.0,0.0,0.0
2022-08-25,125492876,5728009,12881113,376052,75612271.0,0.0,1.0,2.0,0.0,0.0
2022-08-26,125447084,5754652,12900183,376131,75612271.0,0.0,1.0,2.0,0.0,0.0
2022-08-27,125400682,5781895,12919254,376219,75626894.0,0.0,1.0,2.0,0.0,0.0
2022-08-28,125354549,5808874,12938326,376301,75641517.0,0.0,1.0,2.0,0.0,0.0
2022-08-29,125315666,5828608,12957399,376377,75656140.0,0.0,1.0,2.0,0.0,0.0
2022-08-30,125279187,5845921,12976473,376469,75826270.0,0.0,1.0,2.0,0.0,0.0
2022-08-31,125233403,5872540,12995549,376558,76357386.0,0.0,1.0,2.0,0.0,0.0
2022-09-01,125184387,5902384,13014626,376653,76397720.0,0.0,1.0,2.0,0.0,0.0
2022-09-02,125134108,5933495,13033704,376743,76438055.0,0.0,1.0,2.0,0.0,0.0
2022-09-03,125083186,5965249,13052783,376832,76445336.0,0.0,1.0,2.0,0.0,0.0
2022-09-04,125035923,5993346,13071863,376918,76452618.0,0.0,1.0,2.0,0.0,0.0
2022-09-05,124994883,6015228,13090945,376994,76459899.0,0.0,1.0,2.0,0.0,0.0
2022-09-06,124956860,6034075,13110027,377088,76467181.0,0.0,1.0,2.0,0.0,0.0
2022-09-07,124909506,6062253,13129111,377180,76474462.0,0.0,1.0,2.0,0.0,0.0
2022-09-08,124859622,6092958,13148197,377273,76481743.0,0.0,1.0,2.0,0.0,0.0
2022-09-09,124808202,6125197,13167283,377368,76489025.0,0.0,1.0,2.0,0.0,0.0
2022-09-10,124755494,6158723,13186371,377462,76496306.0,0.0,1.0,2.0,0.0,0.0
2022-09-11,124703339,6191704,13205459,377548,76503588.0,0.0,1.0,2.0,0.0,0.0
2022-09-12,124657428,6218444,13224549,377629,76510869.0,0.0,1.0,2.0,0.0,0.0
2022-09-13,124613886,6242795,13243641,377728,76548725.0,0.0,1.0,2.0,0.0,0.0
2022-09-14,124562650,6274844,13262733,377823,76586581.0,0.0,1.0,2.0,0.0,0.0
2022-09-15,124507223,6311080,13281826,377921,76624437.0,0.0,1.0,2.0,0.0,0.0
2022-09-16,124448830,6350270,13300921,378029,76640472.0,0.0,1.0,2.0,0.0,0.0
2022-09-17,124391071,6388828,13320017,378134,76642997.0,0.0,1.0,2.0,0.0,0.0
2022-09-18,124334923,6425779,13339114,378234,76645521.0,0.0,1.0,2.0,0.0,0.0
2022-09-19,124285886,6455627,13358213,378324,76648046.0,0.0,1.0,2.0,0.0,0.0
2022-09-20,124239814,6482505,13377312,378419,76695743.0,0.0,1.0,2.0,0.0,0.0
2022-09-21,124187181,6515932,13396413,378524,76720731.0,0.0,1.0,2.0,0.0,0.0
2022-09-22,124134222,6549685,13415515,378628,76756245.0,0.0,1.0,2.0,0.0,0.0
2022-09-23,124081284,6583418,13434618,378730,76781900.0,0.0,1.0,2.0,0.0,0.0
2022-09-24,124030543,6614945,13453722,378840,76807556.0,0.0,1.0,2.0,0.0,0.0
2022-09-25,123984320,6641967,13472828,378935,76833212.0,0.0,1.0,2.0,0.0,0.0
2022-09-26,123944452,6662644,13491935,379019,76858867.0,0.0,1.0,2.0,0.0,0.0
2022-09-27,123908096,6679791,13511043,379120,76864033.0,0.0,1.0,2.0,0.0,0.0
2022-09-28,123868366,6700305,13530152,379227,76869198.0,0.0,1.0,2.0,0.0,0.0
2022-09-29,123829977,6719477,13549262,379334,76874364.0,0.0,1.0,2.0,0.0,0.0
2022-09-30,123793102,6737136,13568374,379438,76879530.0,0.0,1.0,2.0,0.0,0.0
2022-10-01,123760227,6750798,13587486,379539,76886911.0,0.0,1.0,2.0,0.0,0.0
2022-10-02,123730451,6761364,13606600,379635,76894293.0,0.0,1.0,2.0,0.0,0.0
2022-10-03,123706512,6766098,13625715,379725,76901674.0,0.0,1.0,2.0,0.0,0.0
2022-10-04,123685009,6768380,13644832,379829,77176632.0,0.0,1.0,2.0,0.0,0.0
2022-10-05,123661410,6772750,13663949,379941,77258038.0,0.0,1.0,2.0,0.0,0.0
2022-10-06,123638546,6776388,13683068,380048,77260306.0,0.0,1.0,2.0,0.0,0.0
2022-10-07,123616489,6779222,13702188,380151,77262574.0,0.0,1.0,2.0,0.0,0.0
2022-10-08,123596113,6780373,13721309,380255,77272949.0,0.0,1.0,2.0,0.0,0.0
2022-10-09,123577439,6779824,13740431,380356,77283323.0,0.0,1.0,2.0,0.0,0.0
2022-10-10,123561938,6776106,13759555,380451,77293698.0,0.0,1.0,2.0,0.0,0.0
2022-10-11,123548121,6770694,13778679,380556,77298660.0,0.0,1.0,2.0,0.0,0.0
2022-10-12,123532622,6766965,13797805,380658,77303623.0,0.0,1.0,2.0,0.0,0.0
2022-10-13,123517248,6763113,13816932,380757,77321901.0,0.0,1.0,2.0,0.0,0.0
2022-10-14,123502669,6758466,13836061,380854,77332358.0,0.0,1.0,2.0,0.0,0.0
2022-10-15,123489412,6752498,13855190,380950,77342814.0,0.0,1.0,2.0,0.0,0.0
2022-10-16,123477142,6745544,13874321,381043,77353270.0,0.0,1.0,2.0,0.0,0.0
2022-10-17,123466849,6736614,13893453,381134,77363727.0,0.0,1.0,2.0,0.0,0.0
2022-10-18,123457443,6726797,13912586,381224,77371970.0,0.0,1.0,2.0,0.0,0.0
2022-10-19,123446848,6718168,13931720,381314,77380214.0,0.0,1.0,2.0,0.0,0.0
2022-10-20,123436866,6708927,13950855,381402,77388458.0,0.0,1.0,2.0,0.0,0.0
2022-10-21,123427200,6699364,13969992,381494,77396701.0,0.0,1.0,2.0,0.0,0.0
2022-10-22,123417959,6689379,13989130,381582,77400534.0,0.0,1.0,2.0,0.0,0.0
2022-10-23,123409372,6678739,14008269,381670,77404367.0,0.0,1.0,2.0,0.0,0.0
2022-10-24,123402149,6666734,14027409,381758,77408200.0,0.0,1.0,2.0,0.0,0.0
2022-10-25,123395638,6654020,14046551,381841,77418623.0,0.0,1.0,2.0,0.0,0.0
2022-10-26,123388177,6642260,14065693,381920,77429047.0,0.0,1.0,2.0,0.0,0.0
2022-10-27,123380388,6630823,14084837,382002,77439470.0,0.0,1.0,2.0,0.0,0.0
2022-10-28,123372871,6619118,14103982,382079,77439470.0,0.0,1.0,2.0,0.0,0.0
2022-10-29,123365834,6606930,14123129,382157,77439470.0,0.0,1.0,2.0,0.0,0.0
2022-10-30,123359113,6594430,14142276,382231,77439470.0,0.0,1.0,2.0,0.0,0.0
2022-10-31,123353392,6580931,14161425,382302,77439470.0,0.0,1.0,2.0,0.0,0.0
2022-11-01,123348201,6566903,14180574,382372,77463083.0,0.0,1.0,2.0,0.0,0.0
2022-11-02,123341864,6554022,14199726,382438,77486696.0,0.0,1.0,2.0,0.0,0.0
2022-11-03,123335543,6541119,14218878,382510,77510309.0,0.0,1.0,2.0,0.0,0.0
2022-11-04,123329452,6527989,14238031,382578,77557740.0,0.0,1.0,2.0,0.0,0.0
2022-11-05,123323901,6514319,14257186,382644,77605172.0,0.0,1.0,2.0,0.0,0.0
2022-11-06,123319378,6499625,14276342,382705,77652604.0,0.0,1.0,2.0,0.0,0.0
2022-11-07,123314989,6484797,14295499,382765,77700035.0,0.0,1.0,2.0,0.0,0.0
2022-11-08,123310697,6469868,14314657,382828,77747466.0,0.0,1.0,2.0,0.0,0.0
2022-11-09,123305398,6455946,14333816,382890,77794898.0,0.0,1.0,2.0,0.0,0.0
2022-11-10,123299848,6442276,14352977,382949,77842330.0,0.0,1.0,2.0,0.0,0.0
2022-11-11,123294359,6428538,14372139,383014,77889761.0,0.0,1.0,2.0,0.0,0.0
2022-11-12,123288911,6414762,14391302,383075,77891988.0,0.0,1.0,2.0,0.0,0.0
2022-11-13,123283608,6400842,14410466,383134,77894216.0,0.0,1.0,2.0,0.0,0.0
2022-11-14,123279089,6386135,14429631,383195,77896443.0,0.0,1.0,2.0,0.0,0.0
2022-11-15,123274689,6371305,14448798,383258,77898671.0,0.0,1.0,2.0,0.0,0.0
2022-11-16,123269355,6357409,14467966,383320,77900898.0,0.0,1.0,2.0,0.0,0.0
2022-11-17,123263711,6343823,14487135,383381,77903126.0,0.0,1.0,2.0,0.0,0.0
2022-11-18,123258223,6330081,14506305,383441,77905353.0,0.0,1.0,2.0,0.0,0.0
2022-11-19,123252836,6316235,14525476,383503,77935741.0,0.0,1.0,2.0,0.0,0.0
2022-11-20,123247683,6302156,14544649,383562,77966128.0,0.0,1.0,2.0,0.0,0.0
2022-11-21,123243062,6287548,14563823,383617,77996516.0,0.0,1.0,2.0,0.0,0.0
2022-11-22,123238650,6272726,14582998,383676,78026903.0,0.0,0.0,0.0,0.0,0.0
2022-11-23,123233059,6259089,14602174,383728,78057291.0,0.0,0.0,0.0,0.0,0.0
2022-11-24,123227317,6245597,14621351,383785,78069694.0,0.0,0.0,0.0,0.0,0.0
2022-11-25,123221381,6232298,14640530,383841,78082098.0,0.0,0.0,0.0,0.0,0.0
2022-11-26,123215355,6219093,14659710,383892,78094501.0,0.0,0.0,0.0,0.0,0.0
2022-11-27,123209489,6205727,14678891,383943,78106904.0,0.0,0.0,0.0,0.0,0.0
2022-11-28,123204509,6191475,14698073,383993,78119308.0,0.0,0.0,0.0,0.0,0.0
2022-11-29,123199617,6177133,14717256,384044,78131711.0,0.0,0.0,0.0,0.0,0.0
2022-11-30,123193574,6163932,14736441,384103,78144114.0,0.0,0.0,0.0,0.0,0.0
2022-12-01,123186836,6151428,14755627,384159,78156517.0,0.0,0.0,0.0,0.0,0.0
2022-12-02,123180167,6138855,14774813,384215,78168921.0,0.0,0.0,0.0,0.0,0.0
2022-12-03,123173553,6126223,14794002,384272,78181324.0,0.0,0.0,0.0,0.0,0.0
2022-12-04,123167003,6113529,14813191,384327,78192902.0,0.0,0.0,0.0,0.0,0.0
2022-12-05,123161387,6099902,14832382,384379,78197990.0,0.0,0.0,0.0,0.0,0.0
2022-12-06,123155882,6086158,14851573,384437,78203078.0,0.0,0.0,0.0,0.0,0.0
2022-12-07,123148982,6073808,14870766,384494,78208166.0,0.0,0.0,0.0,0.0,0.0
2022-12-08,123141602,6061942,14889960,384546,78213254.0,0.0,0.0,0.0,0.0,0.0
2022-12-09,123134208,6050089,14909156,384597,78218342.0,0.0,0.0,0.0,0.0,0.0
2022-12-10,123126854,6038194,14928352,384650,78223430.0,0.0,0.0,0.0,0.0,0.0
2022-12-11,123119815,6025985,14947550,384700,78228518.0,0.0,0.0,0.0,0.0,0.0
2022-12-12,123113479,6013073,14966749,384749,78320373.0,0.0,0.0,0.0,0.0,0.0
2022-12-13,123107561,5999733,14985949,384807,78412227.0,0.0,0.0,0.0,0.0,0.0
2022-12-14,123100076,5987963,15005150,384861,78504082.0,0.0,0.0,0.0,0.0,0.0
2022-12-15,123092304,5976477,15024353,384916,78504894.0,0.0,0.0,0.0,0.0,0.0
2022-12-16,123083928,5965591,15043557,384974,78505707.0,0.0,0.0,0.0,0.0,0.0
2022-12-17,123076464,5953792,15062762,385032,78505879.0,0.0,0.0,0.0,0.0,0.0
2022-12-18,123069294,5941705,15081968,385083,78506051.0,0.0,0.0,0.0,0.0,0.0
2022-12-19,123063004,5928738,15101175,385133,78506223.0,0.0,0.0,0.0,0.0,0.0
2022-12-20,123057065,5915412,15120384,385189,78506395.0,0.0,0.0,0.0,0.0,0.0
2022-12-21,123049662,5903547,15139593,385248,78564143.0,0.0,0.0,0.0,0.0,0.0
2022-12-22,123042253,5891691,15158804,385302,78621891.0,0.0,0.0,0.0,0.0,0.0
2022-12-23,123034896,5879780,15178016,385358,78679639.0,0.0,0.0,0.0,0.0,0.0
2022-12-24,123027974,5867435,15197230,385411,78737388.0,0.0,0.0,0.0,0.0,0.0
2022-12-25,123021424,5854719,15216444,385463,78795136.0,0.0,0.0,0.0,0.0,0.0
2022-12-26,123016143,5840734,15235660,385513,78852884.0,0.0,0.0,0.0,0.0,0.0
2022-12-27,123011000,5826602,15254877,385571,78910632.0,0.0,0.0,0.0,0.0,0.0
2022-12-28,123004861,5813468,15274095,385626,78915422.0,0.0,0.0,0.0,0.0,0.0
2022-12-29,122998752,5800302,15293314,385682,78920211.0,0.0,0.0,0.0,0.0,0.0
2022-12-30,122993004,5786779,15312535,385732,78925000.0,0.0,0.0,0.0,0.0,0.0
2022-12-31,122987535,5772970,15331756,385789,78929790.0,0.0,0.0,0.0,0.0,0.0
2023-01-01,122982539,5758693,15350979,385839,78929914.0,,,,,
2023-01-02,122978688,5743278,15370203,385881,78930039.0,,,,,
2023-01-03,122975648,5727046,15389429,385927,78930164.0,,,,,
2023-01-04,122972349,5711075,15408655,385971,78930288.0,,,,,
2023-01-05,122969108,5695042,15427883,386017,78944876.0,,,,,
2023-01-06,122965679,5679202,15447112,386057,78959465.0,,,,,
2023-01-07,122962395,5663208,15466342,386105,78974053.0,,,,,
2023-01-08,122959305,5647022,15485573,386150,78988641.0,,,,,
2023-01-09,122956580,5630474,15504805,386191,79003229.0,,,,,
2023-01-10,122953570,5614204,15524039,386237,79017818.0,,,,,
2023-01-11,122949388,5599105,15543274,386283,79032406.0,,,,,
2023-01-12,122944756,5584455,15562510,386329,79034490.0,,,,,
2023-01-13,122939717,5570211,15581747,386375,79036573.0,,,,,
2023-01-14,122934675,5555970,15600986,386419,79038657.0,,,,,
2023-01-15,122929939,5541426,15620225,386460,79042446.0,,,,,
2023-01-16,122925686,5526400,15639466,386498,79046235.0,,,,,
2023-01-17,122921696,5511104,15658708,386542,79050025.0,,,,,
2023-01-18,122916254,5497257,15677951,386588,79053814.0,,,,,
2023-01-19,122910391,5483837,15697196,386626,79057603.0,,,,,
2023-01-20,122904360,5470582,15716442,386666,79058698.0,,,,,
2023-01-21,122898413,5457241,15735688,386708,79059793.0,,,,,
2023-01-22,122892722,5443644,15754936,386748,79060888.0,,,,,
2023-01-23,122888042,5429033,15774186,386789,79061982.0,,,,,
2023-01-24,122883378,5414407,15793436,386829,79063077.0,,,,,
2023-01-25,122876974,5401516,15812688,386872,79064172.0,,,,,
2023-01-26,122869943,5389256,15831940,386911,79065267.0,,,,,
2023-01-27,122862831,5377073,15851194,386952,79066362.0,,,,,
2023-01-28,122855660,5364948,15870450,386992,79075108.0,,,,,
2023-01-29,122848777,5352536,15889706,387031,79083855.0,,,,,
2023-01-30,122842839,5339178,15908964,387069,79092602.0,,,,,
2023-01-31,122837098,5325616,15928223,387113,79101348.0,,,,,
2023-02-01,122828636,5314778,15947483,387153,79110094.0,,,,,
2023-02-02,122819408,5304705,15966744,387193,79118841.0,,,,,
2023-02-03,122809789,5295016,15986006,387239,79161300.0,,,,,
2023-02-04,122800189,5285312,16005270,387279,79203758.0,,,,,
2023-02-05,122790834,5275357,16024535,387324,79246217.0,,,,,
2023-02-06,122782811,5264074,16043801,387364,79288676.0,,,,,
2023-02-07,122775276,5252300,16063068,387406,79318631.0,,,,,
2023-02-08,122764949,5243316,16082336,387449,79348585.0,,,,,
2023-02-09,122752741,5236214,16101606,387489,79378540.0,,,,,
2023-02-10,122740448,5229200,16120876,387526,79408494.0,,,,,
2023-02-11,122727739,5222603,16140148,387560,79438449.0,,,,,
2023-02-12,122715508,5215530,16159422,387590,79468403.0,,,,,
2023-02-13,122704568,5207166,16178696,387620,79498358.0,,,,,
2023-02-14,122694807,5197617,16197972,387654,79505356.0,,,,,
2023-02-15,122681438,5191675,16217248,387689,79512353.0,,,,,
2023-02-16,122666774,5187025,16236526,387725,79519351.0,,,,,
2023-02-17,122651536,5182946,16255806,387762,79523657.0,,,,,
2023-02-18,122636399,5178768,16275086,387797,79527962.0,,,,,
2023-02-19,122622323,5173528,16294367,387832,79532268.0,,,,,
2023-02-20,122610354,5166185,16313650,387861,79533384.0,,,,,
2023-02-21,122599182,5158035,16332934,387899,79534501.0,,,,,
2023-02-22,122585273,5152626,16352219,387932,79535617.0,,,,,
2023-02-23,122570634,5147941,16371506,387969,79536734.0,,,,,
2023-02-24,122556937,5142320,16390793,388000,79537850.0,,,,,
2023-02-25,122545988,5133947,16410082,388033,79540620.0,,,,,
2023-02-26,122536468,5124147,16429372,388063,79543389.0,,,,,
2023-02-27,122526991,5114305,16448663,388091,79546159.0,,,,,
2023-02-28,122517331,5104638,16467955,388126,79548929.0,,,,,
2023-03-01,122503952,5098686,16487249,388163,79551698.0,,,,,
2023-03-02,122489940,5093365,16506544,388201,79554468.0,,,,,
2023-03-03,122475565,5088405,16525840,388240,79554468.0,,,,,
2023-03-04,122461644,5082991,16545137,388278,79554468.0,,,,,
2023-03-05,122448226,5077069,16564435,388320,79554468.0,,,,,
2023-03-06,122437175,5068785,16583735,388355,79558443.0,,,,,
2023-03-07,122426830,5059789,16603035,388396,79562417.0,,,,,
2023-03-08,122414577,5052696,16622337,388440,79566392.0,,,,,
2023-03-09,122402192,5045740,16641640,388478,79570366.0,,,,,
2023-03-10,122402192,5026435,16660945,388478,79574341.0,,,,,
2023-03-11,122402192,5007130,16680250,388478,79578315.0,,,,,
2023-03-12,122402192,4987823,16699557,388478,79582290.0,,,,,
2023-03-13,122402192,4968515,16718865,388478,79583114.0,,,,,
2023-03-14,122402192,4949206,16738174,388478,79583938.0,,,,,
2023-03-15,122402192,4929896,16757484,388478,79584762.0,,,,,
2023-03-16,122402192,4910584,16776796,388478,79585585.0,,,,,
2023-03-17,122402192,4891272,16796108,388478,79586409.0,,,,,
2023-03-18,122402192,4871958,16815422,388478,79587233.0,,,,,
2023-03-19,122402192,4852643,16834737,388478,79588057.0,,,,,
2023-03-20,122402192,4833326,16854054,388478,79610191.0,,,,,
2023-03-21,122402192,4814009,16873371,388478,79632326.0,,,,,
2023-03-22,122402192,4794690,16892690,388478,79654460.0,,,,,
2023-03-23,122402192,4775370,16912010,388478,79676594.0,,,,,
2023-03-24,122402192,4756049,16931331,388478,79681102.0,,,,,
2023-03-25,122402192,4736727,16950653,388478,79685610.0,,,,,
2023-03-26,122402192,4717404,16969976,388478,79690118.0,,,,,
2023-03-27,122402192,4698079,16989301,388478,79694626.0,,,,,
2023-03-28,122402192,4678753,17008627,388478,79699134.0,,,,,
2023-03-29,122402192,4659426,17027954,388478,79699222.0,,,,,
2023-03-30,122402192,4640098,17047282,388478,79699309.0,,,,,
2023-03-31,122402192,4620768,17066612,388478,79699397.0,,,,,
2023-04-01,122402192,4601438,17085942,388478,79699485.0,,,,,
2023-04-02,122402192,4582106,17105274,388478,79699572.0,,,,,
2023-04-03,122402192,4562773,17124607,388478,79699660.0,,,,,
2023-04-04,122402192,4543438,17143942,388478,79699713.0,,,,,
2023-04-05,122402192,4524103,17163277,388478,79699766.0,,,,,
2023-04-06,122402192,4504766,17182614,388478,79699820.0,,,,,
2023-04-07,122402192,4485429,17201951,388478,79699873.0,,,,,
2023-04-08,122402192,4466089,17221291,388478,79699926.0,,,,,
2023-04-09,122402192,4446749,17240631,388478,79699979.0,,,,,
2023-04-10,122402192,4427408,17259972,388478,79700032.0,,,,,
2023-04-11,122402192,4408065,17279315,388478,79700086.0,,,,,
2023-04-12,122402192,4388721,17298659,388478,79700139.0,,,,,
2023-04-13,122402192,4369376,17318004,388478,79700192.0,,,,,
2023-04-14,122402192,4350030,17337350,388478,79700245.0,,,,,
2023-04-15,122402192,4330683,17356697,388478,79700298.0,,,,,
2023-04-16,122402192,4311334,17376046,388478,79700351.0,,,,,
2023-04-17,122402192,4291984,17395396,388478,79700405.0,,,,,
2023-04-18,122402192,4272633,17414747,388478,79700458.0,,,,,
2023-04-19,122402192,4253281,17434099,388478,79700511.0,,,,,
2023-04-20,122402192,4233928,17453452,388478,79700554.0,,,,,
2023-04-21,122402192,4214573,17472807,388478,79700597.0,,,,,
2023-04-22,122402192,4195217,17492163,388478,79700640.0,,,,,
2023-04-23,122402192,4175860,17511520,388478,79700683.0,,,,,
2023-04-24,122402192,4156502,17530878,388478,79700726.0,,,,,
2023-04-25,122402192,4137143,17550237,388478,79700769.0,,,,,
2023-04-26,122402192,4117782,17569598,388478,79700812.0,,,,,
2023-04-27,122402192,4098420,17588960,388478,79700855.0,,,,,
2023-04-28,122402192,4079057,17608323,388478,79700898.0,,,,,
2023-04-29,122402192,4059693,17627687,388478,79700941.0,,,,,
2023-04-30,122402192,4040328,17647052,388478,79701050.0,,,,,
2023-05-01,122402192,4020961,17666419,388478,79701159.0,,,,,
2023-05-02,122402192,4001593,17685787,388478,79701268.0,,,,,
2023-05-03,122402192,3982224,17705156,388478,79701378.0,,,,,
2023-05-04,122402192,3962854,17724526,388478,79701487.0,,,,,
2023-05-05,122402192,3943483,17743897,388478,79701596.0,,,,,
2023-05-06,122402192,3924110,17763270,388478,79701705.0,,,,,
2023-05-07,122402192,3904736,17782644,388478,79701750.0,,,,,
2023-05-08,122402192,3885362,17802018,388478,79701794.0,,,,,
2023-05-09,122402192,3865985,17821395,388478,79701839.0,,,,,
2023-05-10,122402192,3846608,17840772,388478,79701884.0,,,,,
2023-05-11,122402192,3827229,17860151,388478,79701928.0,,,,,
2023-05-12,122402192,3807850,17879530,388478,79701973.0,,,,,
2023-05-13,122402192,3788469,17898911,388478,79702018.0,,,,,
2023-05-14,122402192,3769087,17918293,388478,79702062.0,,,,,
2023-05-15,122402192,3749703,17937677,388478,79702107.0,,,,,
2023-05-16,122402192,3730319,17957061,388478,79702131.0,,,,,
2023-05-17,122402192,3710933,17976447,388478,79702156.0,,,,,
2023-05-18,122402192,3691546,17995834,388478,79702180.0,,,,,
2023-05-19,122402192,3672158,18015222,388478,79702204.0,,,,,
2023-05-20,122402192,3652769,18034611,388478,79702228.0,,,,,
2023-05-21,122402192,3633378,18054002,388478,79702252.0,,,,,
2023-05-22,122402192,3613986,18073394,388478,79702277.0,,,,,
2023-05-23,122402192,3594593,18092787,388478,79702301.0,,,,,
2023-05-24,122402192,3575199,18112181,388478,79702333.0,,,,,
2023-05-25,122402192,3555804,18131576,388478,79702364.0,,,,,
2023-05-26,122402192,3536407,18150973,388478,79702396.0,,,,,
2023-05-27,122402192,3517010,18170370,388478,79702396.0,,,,,
2023-05-28,122402192,3497611,18189769,388478,79702396.0,,,,,
2023-05-29,122402192,3478211,18209169,388478,79702396.0,,,,,
2023-05-30,122402192,3458809,18228571,388478,79702396.0,,,,,
2023-05-31,122402192,3439407,18247973,388478,79702396.0,,,,,
2023-06-01,122402192,3420003,18267377,388478,79702396.0,,,,,
2023-06-02,122402192,3400598,18286782,388478,79702396.0,,,,,
2023-06-03,122402192,3381192,18306188,388478,79702396.0,,,,,
2023-06-04,122402192,3361785,18325595,388478,79702396.0,,,,,
2023-06-05,122402192,3342376,18345004,388478,79702396.0,,,,,
2023-06-06,122402192,3322967,18364413,388478,79702396.0,,,,,
2023-06-07,122402192,3303556,18383824,388478,79702396.0,,,,,
2023-06-08,122402192,3284144,18403236,388478,79702396.0,,,,,
2023-06-09,122402192,3264730,18422650,388478,79702396.0,,,,,
2023-06-10,122402192,3245316,18442064,388478,79702396.0,,,,,
2023-06-11,122402192,3225900,18461480,388478,79702396.0,,,,,
2023-06-12,122402192,3206483,18480897,388478,79702396.0,,,,,
2023-06-13,122402192,3187065,18500315,388478,79702396.0,,,,,
2023-06-14,122402192,3167646,18519734,388478,79702396.0,,,,,
2023-06-15,122402192,3148226,18539154,388478,79702396.0,,,,,
2023-06-16,122402192,3128804,18558576,388478,79702396.0,,,,,
2023-06-17,122402192,3109381,18577999,388478,79702396.0,,,,,
2023-06-18,122402192,3089957,18597423,388478,79702396.0,,,,,
2023-06-19,122402192,3070532,18616848,388478,79702396.0,,,,,
2023-06-20,122402192,3051105,18636275,388478,79702396.0,,,,,
2023-06-21,122402192,3031678,18655702,388478,79702396.0,,,,,
2023-06-22,122402192,3012249,18675131,388478,79702396.0,,,,,
2023-06-23,122402192,2992819,18694561,388478,79702396.0,,,,,
2023-06-24,122402192,2973388,18713992,388478,79702396.0,,,,,
2023-06-25,122402192,2953955,18733425,388478,79702396.0,,,,,
2023-06-26,122402192,2934521,18752859,388478,79702396.0,,,,,
2023-06-27,122402192,2915087,18772293,388478,79702396.0,,,,,
2023-06-28,122402192,2895651,18791729,388478,79702396.0,,,,,
2023-06-29,122402192,2876213,18811167,388478,79702396.0,,,,,
2023-06-30,122402192,2856775,18830605,388478,79702396.0,,,,,
2023-07-01,122402192,2837335,18850045,388478,79702396.0,,,,,
2023-07-02,122402192,2817895,18869485,388478,79702396.0,,,,,
2023-07-03,122402192,2798453,18888927,388478,79702396.0,,,,,
2023-07-04,122402192,2779009,18908371,388478,79702396.0,,,,,
2023-07-05,122402192,2759565,18927815,388478,79702396.0,,,,,
2023-07-06,122402192,2740119,18947261,388478,79702396.0,,,,,
2023-07-07,122402192,2720672,18966708,388478,79702396.0,,,,,
2023-07-08,122402192,2701224,18986156,388478,79702396.0,,,,,
2023-07-09,122402192,2681775,19005605,388478,79702396.0,,,,,
2023-07-10,122402192,2662325,19025055,388478,79702396.0,,,,,
2023-07-11,122402192,2642873,19044507,388478,79702396.0,,,,,
2023-07-12,122402192,2623420,19063960,388478,79702396.0,,,,,
2023-07-13,122402192,2603966,19083414,388478,79702396.0,,,,,
2023-07-14,122402192,2584511,19102869,388478,79702396.0,,,,,
2023-07-15,122402192,2565055,19122325,388478,79702396.0,,,,,
2023-07-16,122402192,2545597,19141783,388478,79702396.0,,,,,
2023-07-17,122402192,2526139,19161241,388478,79702396.0,,,,,
2023-07-18,122402192,2506679,19180701,388478,79702396.0,,,,,
2023-07-19,122402192,2487217,19200163,388478,79702396.0,,,,,
2023-07-20,122402192,2467755,19219625,388478,79702396.0,,,,,
2023-07-21,122402192,2448291,19239089,388478,79702396.0,,,,,
2023-07-22,122402192,2428827,19258553,388478,79702396.0,,,,,
2023-07-23,122402192,2409361,19278019,388478,79702396.0,,,,,
2023-07-24,122402192,2389893,19297487,388478,79702396.0,,,,,
2023-07-25,122402192,2370425,19316955,388478,79702396.0,,,,,
2023-07-26,122402192,2350956,19336424,388478,79702396.0,,,,,
2023-07-27,122402192,2331485,19355895,388478,79702396.0,,,,,
2023-07-28,122402192,2312013,19375367,388478,79702396.0,,,,,
2023-07-29,122402192,2292540,19394840,388478,79702396.0,,,,,
2023-07-30,122402192,2273065,19414315,388478,79702396.0,,,,,
2023-07-31,122402192,2253590,19433790,388478,79702396.0,,,,,
2023-08-01,122402192,2234113,19453267,388478,79702396.0,,,,,
2023-08-02,122402192,2214635,19472745,388478,79702396.0,,,,,
2023-08-03,122402192,2195156,19492224,388478,79702396.0,,,,,
2023-08-04,122402192,2175676,19511704,388478,79702396.0,,,,,
2023-08-05,122402192,2156194,19531186,388478,79702396.0,,,,,
2023-08-06,122402192,2136711,19550669,388478,79702396.0,,,,,
2023-08-07,122402192,2117227,19570153,388478,79702396.0,,,,,
2023-08-08,122402192,2097742,19589638,388478,79702396.0,,,,,
2023-08-09,122402192,2078256,19609124,388478,79702396.0,,,,,
2023-08-10,122402192,2058768,19628612,388478,79702396.0,,,,,
2023-08-11,122402192,2039280,19648100,388478,79702396.0,,,,,
2023-08-12,122402192,2019790,19667590,388478,79702396.0,,,,,
2023-08-13,122402192,2000299,19687081,388478,79702396.0,,,,,
2023-08-14,122402192,1980806,19706574,388478,79702396.0,,,,,
2023-08-15,122402192,1961313,19726067,388478,79702396.0,,,,,
2023-08-16,122402192,1941818,19745562,388478,79702396.0,,,,,
2023-08-17,122402192,1922322,19765058,388478,79702396.0,,,,,
2023-08-18,122402192,1902825,19784555,388478,79702396.0,,,,,
2023-08-19,122402192,1883327,19804053,388478,79702396.0,,,,,
2023-08-20,122402192,1863827,19823553,388478,79702396.0,,,,,
2023-08-21,122402192,1844327,19843053,388478,79702396.0,,,,,
2023-08-22,122402192,1824825,19862555,388478,79702396.0,,,,,
2023-08-23,122402192,1805322,19882058,388478,79702396.0,,,,,
2023-08-24,122402192,1785817,19901563,388478,79702396.0,,,,,
2023-08-25,122402192,1766312,19921068,388478,79702396.0,,,,,
2023-08-26,122402192,1746805,19940575,388478,79702396.0,,,,,
2023-08-27,122402192,1727297,19960083,388478,79702396.0,,,,,
2023-08-28,122402192,1707788,19979592,388478,79702396.0,,,,,
2023-08-29,122402192,1688278,19999102,388478,79702396.0,,,,,
2023-08-30,122402192,1668767,20018613,388478,79702396.0,,,,,
2023-08-31,122402192,1649254,20038126,388478,79702396.0,,,,,
2023-09-01,122402192,1629740,20057640,388478,79702396.0,,,,,
2023-09-02,122402192,1610225,20077155,388478,79702396.0,,,,,
2023-09-03,122402192,1590709,20096671,388478,79702396.0,,,,,
2023-09-04,122402192,1571191,20116189,388478,79702396.0,,,,,
2023-09-05,122402192,1551673,20135707,388478,79702396.0,,,,,
2023-09-06,122402192,1532153,20155227,388478,79702396.0,,,,,
2023-09-07,122402192,1512632,20174748,388478,79702396.0,,,,,
2023-09-08,122402192,1493109,20194271,388478,79702396.0,,,,,
2023-09-09,122402192,1473586,20213794,388478,79702396.0,,,,,
2023-09-10,122402192,1454061,20233319,388478,79702396.0,,,,,
2023-09-11,122402192,1434536,20252844,388478,79702396.0,,,,,
2023-09-12,122402192,1415008,20272372,388478,79702396.0,,,,,
2023-09-13,122402192,1395480,20291900,388478,79702396.0,,,,,
2023-09-14,122402192,1375951,20311429,388478,79702396.0,,,,,
2023-09-15,122402192,1356420,20330960,388478,79702396.0,,,,,
2023-09-16,122402192,1336888,20350492,388478,79702396.0,,,,,
2023-09-17,122402192,1317355,20370025,388478,79702396.0,,,,,
2023-09-18,122402192,1297821,20389559,388478,79702396.0,,,,,
2023-09-19,122402192,1278286,20409094,388478,79702396.0,,,,,
2023-09-20,122402192,1258749,20428631,388478,79702396.0,,,,,
2023-09-21,122402192,1239211,20448169,388478,79702396.0,,,,,
2023-09-22,122402192,1219672,20467708,388478,79702396.0,,,,,
2023-09-23,122402192,1200132,20487248,388478,79702396.0,,,,,
2023-09-24,122402192,1180591,20506789,388478,79702396.0,,,,,
2023-09-25,122402192,1161048,20526332,388478,79702396.0,,,,,
2023-09-26,122402192,1141504,20545876,388478,79702396.0,,,,,
2023-09-27,122402192,1121959,20565421,388478,79702396.0,,,,,
